Date,Open,High,Low,Close,Volume,Adj Close
10/23/2015,125.400002,125.959999,125,125.739998,215200,125.739998
10/22/2015,124.730003,125.580002,124.449997,125.230003,271200,125.230003
10/21/2015,124.040001,124.849998,123.599998,123.699997,162900,123.699997
10/20/2015,122.68,122.900002,122.160004,122.209999,244100,122.209999
10/19/2015,123.349998,123.57,122.82,123.550003,164700,123.550003
10/16/2015,123.639999,124.150002,123.220001,123.959999,265200,123.959999
10/15/2015,121.739998,122.550003,121.25,122.440002,263300,122.440002
10/14/2015,121,121.309998,119.900002,120.050003,177400,120.050003
10/13/2015,121.489998,121.949997,120.860001,121.07,341400,121.07
10/12/2015,122.75,123.440002,122.589996,123.110001,314500,123.110001
10/9/2015,123.980003,124.589996,122.330002,122.599998,398800,122.599998
10/8/2015,122.779999,123.709999,122.110001,123.480003,254200,123.480003
10/7/2015,122.540001,123.190002,122.190002,122.709999,240700,122.709999
10/6/2015,120.919998,121.260002,120.370003,120.919998,350100,120.919998
10/5/2015,121.790001,122.910004,121.760002,122.32,338300,122.32
10/2/2015,119.309998,120.82,118.580002,120.730003,557000,120.730003
10/1/2015,118.489998,118.870003,117.230003,118.339996,278000,118.339996
9/30/2015,116.239998,117.400002,116.099998,117.279999,235100,117.279999
9/29/2015,113.980003,114.480003,113.160004,114.25,345800,114.25
9/28/2015,117.559998,117.57,114.730003,115.220001,311700,115.220001
9/25/2015,119.279999,119.989998,118.160004,118.510002,292400,118.510002
9/24/2015,117.519997,117.739998,116,117.550003,535800,117.550003
9/23/2015,117.309998,117.739998,116.610001,117.510002,231300,117.510002
9/22/2015,117.68,117.879997,116.010002,117.580002,372700,117.580002
9/21/2015,119.589996,120.019997,118.690002,119.43,173800,119.43
9/18/2015,119.370003,120.110001,118.709999,118.82,250300,118.82
9/17/2015,121.029999,122.82,120.870003,121.239998,243300,121.239998
9/16/2015,121.809998,122.330002,121.540001,122,439600,122
9/15/2015,119.059998,120.129997,118.690002,119.959999,442200,119.959999
9/14/2015,116.730003,117.059998,116,116.349998,351200,116.349998
9/11/2015,116.489998,117.099998,115.889999,117.099998,531200,117.099998
9/10/2015,118.959999,118.959999,117.400002,117.940002,612600,117.940002
9/9/2015,123.260002,123.410004,120.440002,120.620003,1331300,120.620003
9/8/2015,120.199997,121.339996,120.129997,121.239998,398400,121.239998
9/4/2015,116.68,116.900002,115.839996,116.5,262200,116.5
9/3/2015,120.190002,120.440002,119.339996,119.610001,352100,119.610001
9/2/2015,117.25,117.690002,116.209999,117.620003,266100,117.620003
9/1/2015,115.580002,115.93,114.080002,114.339996,426000,114.339996
8/31/2015,119.129997,119.260002,118.190002,118.379997,243000,118.379997
8/28/2015,121.019997,121.610001,120.330002,120.769997,285800,120.769997
8/27/2015,118.669998,119.879997,118.32,119.57,399600,119.57
8/26/2015,116.800003,117.949997,115.059998,117.839996,392600,117.839996
8/25/2015,117.709999,117.709999,113.370003,113.370003,561900,113.370003
8/24/2015,110.230003,116.050003,109.07,113.519997,1009000,113.519997
8/21/2015,122.099998,122.459999,118.910004,119.050003,504600,119.050003
8/20/2015,124.540001,124.540001,122.449997,122.5,531400,122.5
8/19/2015,126.389999,127.010002,125.669998,126.040001,286500,126.040001
8/18/2015,127.610001,128.070007,127.440002,127.870003,185400,127.870003
8/17/2015,127.5,127.989998,127.099998,127.870003,155700,127.870003
8/14/2015,127.790001,128.240005,127.580002,128.190002,130600,128.190002
8/13/2015,127.150002,128.149994,126.860001,127.790001,188700,127.790001
8/12/2015,127.290001,127.690002,126.029999,127.419998,768000,127.419998
8/11/2015,129.649994,129.649994,128.690002,129.009995,236100,129.009995
8/10/2015,130.5,131.429993,130.070007,131.089996,300900,131.089996
8/7/2015,129.860001,130,129.520004,129.949997,163900,129.949997
8/6/2015,128.960007,129.449997,128.649994,128.809998,278800,128.809998
8/5/2015,128.660004,128.979996,128.169998,128.309998,476500,128.309998
8/4/2015,131.369995,131.389999,128.380005,129.850006,504400,129.850006
8/3/2015,132.440002,133.389999,132,133.179993,315100,133.179993
7/31/2015,133.509995,133.710007,133.050003,133.460007,226200,133.460007
7/30/2015,132,132.429993,131.25,132.270004,270100,132.270004
7/29/2015,131.710007,132.839996,131.600006,132.570007,212500,132.570007
7/28/2015,131.080002,131.919998,130.369995,131.839996,382100,131.839996
7/27/2015,131.5,131.869995,131.210007,131.789993,187700,131.789993
7/24/2015,133.619995,133.889999,132.320007,132.550003,130200,132.550003
7/23/2015,133.690002,133.919998,133.080002,133.25,196100,133.25
7/22/2015,133.800003,134.429993,133.800003,133.990005,196400,133.990005
7/21/2015,134.910004,135.029999,134.149994,134.559998,200500,134.559998
7/20/2015,135.789993,136.110001,135.410004,135.539993,352500,135.539993
7/17/2015,134.699997,135.490005,134.699997,135.360001,186100,135.360001
7/16/2015,136.240005,136.389999,135.660004,135.770004,441200,135.770004
7/15/2015,134.070007,134.619995,133.789993,133.990005,294100,133.990005
7/14/2015,133.130005,133.699997,132.929993,133.449997,195300,133.449997
7/13/2015,133.020004,133.619995,133.020004,133.440002,214600,133.440002
7/10/2015,130.559998,131.869995,129.919998,131.520004,401900,131.520004
7/9/2015,130.160004,130.529999,128.929993,129.029999,186900,129.029999
7/8/2015,130.110001,130.139999,127.940002,128.110001,717300,128.110001
7/7/2015,132.259995,132.539993,130.75,132.380005,288600,132.380005
7/6/2015,132.25,133.100006,132.130005,132.729996,132000,132.729996
7/2/2015,132.720001,132.929993,132.429993,132.75,276800,132.75
7/1/2015,133.720001,133.839996,133.139999,133.600006,157100,133.600006
6/30/2015,134.220001,134.479996,133.550003,133.75,216300,133.75
6/29/2015,134.100006,134.130005,132.399994,132.449997,191100,132.449997
6/26/2015,135.339996,135.880005,135.149994,135.460007,138900,135.460007
6/25/2015,135.350006,135.509995,134.850006,134.869995,180800,134.869995
6/24/2015,136.009995,136.009995,135.330002,135.399994,149000,135.399994
6/23/2015,136.949997,137.25,136.789993,137.100006,270500,137.100006
6/22/2015,135.160004,136.350006,135.160004,135.479996,263100,135.479996
6/19/2015,134.479996,134.619995,133.940002,134.020004,179800,134.020004
6/18/2015,133.5,134.850006,133.5,134.479996,246300,134.479996
6/17/2015,134.309998,135.089996,133.75,134.869995,344900,134.869995
6/16/2015,135.699997,136.169998,135.509995,136.059998,179200,136.059998
6/15/2015,135.199997,135.830002,135.169998,135.509995,292700,135.509995
6/12/2015,135.449997,135.869995,135.089996,135.490005,191400,135.490005
6/11/2015,135.240005,135.509995,134.899994,135.179993,152600,135.179993
6/10/2015,133.839996,134.589996,133.729996,134.240005,166200,134.240005
6/9/2015,132.5,132.740005,131.919998,132.300003,233500,132.300003
6/8/2015,133.580002,133.899994,132.619995,133.149994,304900,133.149994
6/5/2015,135.990005,135.990005,135.259995,135.509995,167200,135.509995
6/4/2015,136.929993,137.529999,136.630005,136.850006,231000,136.850006
6/3/2015,137.509995,137.880005,137,137.440002,240300,137.440002
6/2/2015,136.740005,137.149994,136.470001,136.570007,275900,136.570007
6/1/2015,137.800003,137.979996,136.809998,137.240005,280100,137.240005
5/29/2015,138.740005,138.740005,137.509995,137.889999,310600,137.889999
5/28/2015,138.850006,139.960007,138.820007,139.740005,220000,139.740005
5/27/2015,138.720001,139,138.309998,138.770004,247000,138.770004
5/26/2015,138.470001,138.470001,137.139999,137.699997,293200,137.699997
5/22/2015,137.979996,138.660004,137.910004,138.220001,202800,138.220001
5/21/2015,138.779999,139.550003,138.779999,139.440002,134700,139.440002
5/20/2015,139.199997,139.649994,138.770004,139.009995,121000,139.009995
5/19/2015,139.850006,140.240005,139.279999,139.529999,223700,139.529999
5/18/2015,139.389999,139.490005,139.149994,139.429993,141300,139.429993
5/15/2015,138.649994,139.389999,138.649994,139.369995,177700,139.369995
5/14/2015,137.729996,137.990005,136.960007,137.949997,150400,137.949997
5/13/2015,137.350006,137.940002,136.520004,136.619995,359700,136.619995
5/12/2015,137.509995,138.050003,137,137.660004,579400,137.660004
5/11/2015,137.880005,138.360001,137.419998,137.449997,756700,137.449997
5/8/2015,139.5,142.339996,139.369995,142.119995,319400,142.119995
5/7/2015,136.860001,138.059998,136.839996,137.919998,208500,137.919998
5/6/2015,137.320007,137.990005,136.5,137.160004,322500,137.160004
5/5/2015,139.460007,139.800003,137.449997,137.550003,266100,137.550003
5/4/2015,139.789993,140.429993,139.580002,140.059998,172000,140.059998
5/1/2015,138.75,139.960007,138.720001,139.960007,247100,139.960007
4/30/2015,140,140.320007,138.710007,139.020004,246800,139.020004
4/29/2015,141.330002,142.470001,140.070007,140.789993,282900,140.789993
4/28/2015,142.179993,142.839996,141.600006,142.059998,421900,142.059998
4/27/2015,140.960007,141.25,140.550003,140.660004,273000,140.660004
4/24/2015,141.259995,141.470001,140.979996,141.210007,277500,141.210007
4/23/2015,141.160004,141.279999,140.619995,141.029999,393000,141.029999
4/22/2015,141.470001,141.889999,141.169998,141.660004,163600,141.660004
4/21/2015,141.369995,141.899994,141.279999,141.330002,365800,141.330002
4/20/2015,138.740005,139.339996,138.639999,138.729996,151600,138.729996
4/17/2015,138.990005,139.029999,138,138.429993,253900,138.429993
4/16/2015,139.179993,139.5,138.789993,138.979996,186500,138.979996
4/15/2015,139.229996,139.380005,138.679993,139.080002,177600,139.080002
4/14/2015,138.690002,138.979996,138.130005,138.660004,171600,138.660004
4/13/2015,137.669998,138,137.199997,137.559998,320200,137.559998
4/10/2015,138.710007,139.820007,138.660004,139.649994,320300,139.649994
4/9/2015,139.100006,140.119995,139,139.910004,276700,139.910004
4/8/2015,139.860001,140.369995,139.539993,139.940002,142100,139.940002
4/7/2015,140.100006,140.639999,139.649994,139.720001,260800,139.720001
4/6/2015,140,141.210007,140,140.639999,157800,140.639999
4/2/2015,139.830002,140.899994,139.630005,140.020004,249000,140.020004
4/1/2015,138.330002,138.660004,137.770004,138.479996,358900,138.479996
3/31/2015,140.880005,140.940002,139.710007,139.889999,555100,139.889999
3/30/2015,141.669998,142.940002,141.380005,142.550003,484100,142.550003
3/27/2015,142.339996,142.509995,141.720001,142.399994,238100,142.399994
3/26/2015,143,143.660004,142.710007,143.110001,324400,143.110001
3/25/2015,145.25,145.25,143.779999,143.809998,328600,143.809998
3/24/2015,145.229996,145.229996,144.399994,144.520004,303700,144.520004
3/23/2015,145.330002,145.800003,144.949997,145.320007,480700,145.320007
3/20/2015,142.639999,143.5,142.529999,143.089996,406900,143.089996
3/19/2015,140.139999,140.589996,139.649994,140.100006,310600,140.100006
3/18/2015,139.100006,140.259995,138.490005,140.080002,457900,140.080002
3/17/2015,137.089996,137.369995,136.600006,136.960007,816400,136.960007
3/16/2015,137.360001,138.139999,137.160004,137.520004,271000,137.520004
3/13/2015,135.860001,136.380005,135.460007,136.169998,393200,136.169998
3/12/2015,136.169998,137.669998,136.169998,137.529999,313200,137.529999
3/11/2015,134.199997,134.449997,133.830002,134,222700,134
3/10/2015,134.149994,134.380005,133.600006,133.690002,220900,133.690002
3/9/2015,135.5,135.649994,134.940002,135.389999,174100,135.389999
3/6/2015,135.320007,135.979996,134.699997,134.889999,184700,134.889999
3/5/2015,134.960007,135.419998,134.649994,134.899994,232900,134.899994
3/4/2015,135.399994,135.589996,134.399994,135.520004,205500,135.520004
3/3/2015,135.369995,135.839996,135.070007,135.399994,208000,135.399994
3/2/2015,135.25,136,135.25,135.869995,254500,135.869995
2/27/2015,135.350006,135.800003,135.350006,135.369995,219900,135.369995
2/26/2015,136.880005,137.460007,136.630005,136.800003,258000,136.800003
2/25/2015,136.800003,137.139999,136.389999,136.869995,236800,136.869995
2/24/2015,137.600006,138.699997,137.240005,138.339996,335000,138.339996
2/23/2015,136.899994,137.199997,136.410004,136.979996,199800,136.979996
2/20/2015,135.940002,136.990005,135.860001,136.899994,239800,136.899994
2/19/2015,134.5,135.490005,134.380005,135.279999,218600,135.279999
2/18/2015,133.660004,134.360001,133.649994,134.160004,258400,134.160004
2/17/2015,132,132.690002,132,132.080002,365400,132.080002
2/13/2015,131.990005,132.789993,131.990005,132.490005,301000,132.490005
2/12/2015,131.389999,131.990005,131.199997,131.820007,327600,131.820007
2/11/2015,130.800003,131.25,130.740005,131.020004,449200,131.020004
2/10/2015,129.710007,131.059998,129.710007,130.850006,229100,130.850006
2/9/2015,129.470001,129.75,128.960007,129.160004,186000,129.160004
2/6/2015,129.770004,130.490005,129.369995,129.570007,379900,129.570007
2/5/2015,130.979996,131.919998,130.779999,131.740005,448000,131.740005
2/4/2015,132.199997,134.240005,132.199997,132.679993,471300,132.679993
2/3/2015,129.550003,131.169998,129.419998,131.100006,458000,131.100006
2/2/2015,130.100006,131.130005,129.710007,131.089996,280200,131.089996
1/30/2015,129.490005,129.979996,128.690002,128.850006,273900,128.850006
1/29/2015,131.479996,132.179993,130.940002,132.149994,411800,132.149994
1/28/2015,132.229996,132.419998,130.699997,130.949997,304100,130.949997
1/27/2015,131.130005,131.729996,130.880005,131.100006,301000,131.100006
1/26/2015,130.979996,132.309998,130.979996,131.860001,350600,131.860001
1/23/2015,130,130.210007,129.5,129.660004,292900,129.660004
1/22/2015,128.970001,130.229996,127.959999,129.860001,235500,129.860001
1/21/2015,128.360001,128.820007,128.009995,128.660004,606700,128.660004
1/20/2015,129.5,129.789993,128.759995,129.160004,436700,129.160004
1/16/2015,128.320007,129,128.050003,128.880005,441600,128.880005
1/15/2015,127.870003,128.369995,126.629997,126.779999,310400,126.779999
1/14/2015,125.419998,125.980003,124.629997,125.82,363800,125.82
1/13/2015,127.050003,127.870003,125.629997,126.410004,252900,126.410004
1/12/2015,126.5,127.739998,125.339996,126.040001,306700,126.040001
1/9/2015,127.769997,127.769997,125.980003,126.080002,150300,126.080002
1/8/2015,126.449997,127.699997,126.449997,127.580002,498800,127.580002
1/7/2015,125.519997,126.059998,125.059998,125.169998,385700,125.169998
1/6/2015,123.400002,123.720001,121.209999,122.099998,285600,122.099998
1/5/2015,124.440002,124.610001,123.050003,123.370003,240600,123.370003
1/2/2015,126.230003,126.639999,124.889999,125.669998,250000,125.669998
12/31/2014,125.599998,126.209999,125.400002,125.480003,151100,125.480003
12/30/2014,125.959999,126.07,125.330002,125.910004,169100,125.910004
12/29/2014,127.080002,127.599998,126.860001,127.370003,203600,127.370003
12/26/2014,127,128.289993,127,128.100006,160100,128.100006
12/24/2014,127.199997,127.330002,126.760002,126.760002,80000,126.760002
12/23/2014,126.739998,127.309998,126.559998,126.760002,188200,126.760002
12/22/2014,126.300003,126.889999,125.93,126.639999,598000,126.639999
12/19/2014,126.720001,127.459999,126.519997,127.010002,396700,127.010002
12/18/2014,124.129997,124.790001,123.82,124.739998,306700,124.739998
12/17/2014,122,123.629997,122,123.220001,338000,123.220001
12/16/2014,122.360001,123.480003,121.75,121.940002,543500,121.940002
12/15/2014,123.540001,123.809998,121.059998,121.550003,597000,121.550003
12/12/2014,125.660004,126.07,124.519997,124.540001,350100,124.540001
12/11/2014,126.550003,127.330002,125.870003,126.089996,251900,126.089996
12/10/2014,126.900002,126.910004,125.120003,125.489998,508800,125.489998
12/9/2014,127.849998,128.419998,126.82,128.360001,472100,128.360001
12/8/2014,129.039993,129.190002,128.25,128.419998,359500,128.419998
12/5/2014,128.860001,129.300003,128.470001,129.029999,423500,129.029999
12/4/2014,128.809998,128.809998,128.100006,128.600006,505100,128.600006
12/3/2014,127.5,127.889999,127.120003,127.709999,471300,127.709999
12/2/2014,126.559998,127.029999,126.32,126.57,493800,126.57
12/1/2014,124.660004,125.57,124.550003,124.940002,485800,124.940002
11/28/2014,122.910004,123.330002,122.440002,123.129997,234400,123.129997
11/26/2014,121.989998,122,121.410004,121.699997,291800,121.699997
11/25/2014,121.75,121.989998,121.739998,121.809998,190200,121.809998
11/24/2014,121.489998,121.739998,121.300003,121.459999,661000,121.459999
11/21/2014,120.610001,121.699997,120.610001,121.290001,920500,121.290001
11/20/2014,119.75,120.029999,119.510002,119.720001,163000,119.720001
11/19/2014,120.07,120.519997,119.459999,120.349998,389700,120.349998
11/18/2014,119.68,120.389999,119.57,120.07,332300,120.07
11/17/2014,118.5,119.139999,118.080002,118.589996,324100,118.589996
11/14/2014,119.580002,119.879997,119.230003,119.82,214200,119.82
11/13/2014,119.650002,120.370003,119.650002,119.82,269800,119.82
11/12/2014,118.739998,118.940002,118.110001,118.790001,252800,118.790001
11/11/2014,118.5,119.43,118.43,119.139999,526100,119.139999
11/10/2014,117.809998,118.290001,117.5,117.970001,429800,117.970001
11/7/2014,118.43,118.669998,117.68,118.669998,570800,118.669998
11/6/2014,119.519997,119.980003,119.019997,119.830002,435500,119.830002
11/5/2014,121.029999,121.75,120.410004,121.370003,394100,121.370003
11/4/2014,119.5,119.720001,118.309998,119.400002,569600,119.400002
11/3/2014,121.300003,122.029999,120.809998,122,856900,122
10/31/2014,119.050003,121.440002,118.5,121.349998,1280500,121.349998
10/30/2014,114.800003,116.300003,114.790001,115.860001,194900,115.860001
10/29/2014,116,116.650002,115.269997,115.809998,245800,115.809998
10/28/2014,114.650002,115.099998,114.110001,115.099998,389900,115.099998
10/27/2014,114.32,114.849998,113.860001,114.339996,198500,114.339996
10/24/2014,114.410004,114.650002,113.870003,114.510002,312500,114.510002
10/23/2014,113.25,114.150002,112.93,113.410004,408300,113.410004
10/22/2014,113.110001,113.419998,112.199997,112.269997,413600,112.269997
10/21/2014,112.360001,113.470001,112.129997,113.349998,665400,113.349998
10/20/2014,112.330002,113.5,112.300003,113.309998,408900,113.309998
10/17/2014,108.989998,110.389999,108.940002,109.790001,469100,109.790001
10/16/2014,108.989998,110.839996,108.620003,110.18,441700,110.18
10/15/2014,109.779999,110.379997,108.400002,110.059998,632600,110.059998
10/14/2014,111.940002,112.040001,111.260002,111.620003,759400,111.620003
10/13/2014,114.169998,114.669998,112.589996,112.669998,425700,112.669998
10/10/2014,115.010002,115.75,113.849998,113.970001,448400,113.970001
10/9/2014,116.209999,116.300003,114.239998,114.519997,371200,114.519997
10/8/2014,115.580002,116.349998,114.230003,116.260002,446000,116.260002
10/7/2014,117,117.139999,115.800003,115.82,398400,115.82
10/6/2014,116.610001,117.220001,116.410004,116.699997,339200,116.699997
10/3/2014,115.699997,116.309998,115.480003,116.160004,281500,116.160004
10/2/2014,115.019997,115.18,113.639999,114.480003,507300,114.480003
10/1/2014,117.940002,117.989998,116.459999,116.650002,676800,116.650002
9/30/2014,117.900002,118.110001,117.040001,117.529999,481100,117.529999
9/29/2014,118.07,118.150002,117.080002,117.519997,365700,117.519997
9/26/2014,118.239998,118.800003,118.110001,118.650002,271300,118.650002
9/25/2014,119.019997,119.43,117.779999,117.870003,437800,117.870003
9/24/2014,118.059998,118.910004,118.029999,118.849998,272900,118.849998
9/23/2014,118.980003,119,118.019997,118.25,314500,118.25
9/22/2014,119.110001,119.809998,118.910004,119.010002,409700,119.010002
9/19/2014,119.300003,119.400002,118.559998,118.760002,262100,118.760002
9/18/2014,118.82,119.5,118.739998,119.43,356500,119.43
9/17/2014,117.389999,117.940002,116.879997,117.349998,262800,117.349998
9/16/2014,117.239998,117.849998,117.019997,117.589996,320900,117.589996
9/15/2014,116.980003,117.279999,116.690002,117.160004,176700,117.160004
9/12/2014,117.379997,117.400002,116.830002,117.110001,233400,117.110001
9/11/2014,116.260002,116.480003,116,116.370003,189600,116.370003
9/10/2014,116.07,116.589996,115.779999,116.489998,359500,116.489998
9/9/2014,115.400002,115.449997,114.970001,115.019997,323400,115.019997
9/8/2014,116.160004,116.309998,115.510002,116.040001,219100,116.040001
9/5/2014,116.089996,116.419998,115.919998,116.389999,162200,116.389999
9/4/2014,116.190002,116.760002,115.900002,116.050003,382700,116.050003
9/3/2014,116.120003,116.360001,115.849998,115.959999,244300,115.959999
9/2/2014,115.940002,116.209999,115.730003,116.199997,294000,116.199997
8/29/2014,114.5,114.559998,113.919998,114.32,170300,114.32
8/28/2014,114.599998,114.900002,114.029999,114.43,281300,114.43
8/27/2014,115.099998,115.190002,114.760002,114.910004,268800,114.910004
8/26/2014,115.129997,115.699997,114.919998,115.080002,251000,115.080002
8/25/2014,114.769997,115.150002,114.660004,114.870003,238900,114.870003
8/22/2014,114.779999,114.779999,113.940002,114.089996,477000,114.089996
8/21/2014,115.75,116.25,115.709999,115.779999,263900,115.779999
8/20/2014,115.620003,115.879997,115.199997,115.699997,319900,115.699997
8/19/2014,117.099998,117.209999,116.809998,116.949997,221900,116.949997
8/18/2014,117.010002,117.470001,117.010002,117.209999,156900,117.209999
8/15/2014,117.25,117.379997,116.260002,116.889999,220300,116.889999
8/14/2014,117.470001,117.790001,117.25,117.739998,181500,117.739998
8/13/2014,117.849998,118.330002,117.769997,117.93,217800,117.93
8/12/2014,117.07,117.550003,116.830002,117.239998,242500,117.239998
8/11/2014,116.730003,117.199997,116.5,116.760002,264800,116.760002
8/8/2014,116.639999,117.660004,116.150002,117.629997,254400,117.629997
8/7/2014,117.459999,118.080002,116.43,116.68,260400,116.68
8/6/2014,116.129997,116.760002,115.43,116.610001,429300,116.610001
8/5/2014,119.010002,119.82,118.510002,119.029999,360300,119.029999
8/4/2014,117.93,118.330002,117.620003,118.120003,131300,118.120003
8/1/2014,117.709999,118.080002,117.290001,117.589996,206900,117.589996
7/31/2014,119.309998,119.709999,117.940002,117.989998,290900,117.989998
7/30/2014,120.519997,120.519997,119.540001,120.040001,293100,120.040001
7/29/2014,120.589996,121.459999,120.5,120.580002,399200,120.580002
7/28/2014,119.959999,120.760002,119.75,120.580002,172800,120.580002
7/25/2014,119.919998,120,119.32,119.629997,140200,119.629997
7/24/2014,119.610001,119.989998,119.370003,119.379997,152600,119.379997
7/23/2014,119.389999,119.650002,119.050003,119.43,171200,119.43
7/22/2014,118.720001,119.419998,118.720001,119.18,117700,119.18
7/21/2014,118.690002,119,118.029999,118.660004,143900,118.660004
7/18/2014,118.839996,118.989998,118.349998,118.900002,208000,118.900002
7/17/2014,119.199997,119.480003,118.199997,118.379997,244700,118.379997
7/16/2014,119.400002,119.519997,119.110001,119.150002,181200,119.150002
7/15/2014,119,119.089996,118.330002,118.709999,187700,118.709999
7/14/2014,119.370003,119.489998,118.889999,119,166800,119
7/11/2014,118.410004,118.800003,118.120003,118.519997,347300,118.519997
7/10/2014,117.480003,118.389999,116.610001,118.050003,466700,118.050003
7/9/2014,119.800003,120.290001,119,120.040001,292300,120.040001
7/8/2014,120.940002,120.940002,119.629997,120.300003,343400,120.300003
7/7/2014,121.25,121.800003,120.860001,121.160004,328700,121.160004
7/3/2014,121.349998,121.900002,121.050003,121.730003,195900,121.730003
7/2/2014,122.339996,122.349998,121.629997,121.879997,223500,121.879997
7/1/2014,121.43,122.279999,121.349998,122.260002,501000,122.260002
6/30/2014,119.75,119.879997,119.440002,119.660004,505000,119.660004
6/27/2014,118.709999,118.940002,118.470001,118.839996,353200,118.839996
6/26/2014,118,118,117.290001,117.650002,195600,117.650002
6/25/2014,116.910004,117.519997,116.629997,117.470001,208600,117.470001
6/24/2014,117.260002,117.389999,116.5,116.550003,219600,116.550003
6/23/2014,117.099998,117.290001,116.699997,117.220001,233800,117.220001
6/20/2014,118.209999,118.419998,117.720001,118.220001,513600,118.220001
6/19/2014,117.5,118.07,117.029999,117.75,660300,117.75
6/18/2014,114.839996,116.220001,114.639999,116.050003,360700,116.050003
6/17/2014,115.129997,115.239998,114.510002,114.709999,222000,114.709999
6/16/2014,114.269997,114.660004,113.900002,114.480003,225200,114.480003
6/13/2014,114.120003,114.360001,114,114.239998,185200,114.239998
6/12/2014,114.779999,115.290001,114.110001,114.260002,292400,114.260002
6/11/2014,114.059998,114.470001,113.779999,114.059998,207000,114.059998
6/10/2014,113.68,114.120003,113.379997,113.870003,348900,113.870003
6/9/2014,115,115.309998,114.830002,115.07,220200,115.07
6/6/2014,114.620003,115.459999,114.519997,115.150002,370900,115.150002
6/5/2014,114.199997,114.800003,113.82,114.589996,318500,114.589996
6/4/2014,114.510002,114.660004,113.389999,114.480003,558100,114.480003
6/3/2014,114.160004,115.029999,114.160004,114.919998,593400,114.919998
6/2/2014,114.120003,114.190002,113.269997,113.949997,660400,113.949997
5/30/2014,113.349998,113.389999,112.900002,113.110001,449700,113.110001
5/29/2014,111.290001,111.709999,111.07,111.489998,348500,111.489998
5/28/2014,110.550003,110.800003,109.5,109.910004,259100,109.910004
5/27/2014,109.93,110.169998,109.529999,110.110001,296400,110.110001
5/23/2014,109.510002,109.730003,109.379997,109.639999,175600,109.639999
5/22/2014,108.900002,109.900002,108.870003,109.489998,547100,109.489998
5/21/2014,107.800003,108.220001,107.589996,108.059998,307000,108.059998
5/20/2014,108.169998,108.279999,107.629997,107.669998,333200,107.669998
5/19/2014,108.110001,108.790001,107.809998,108.610001,358900,108.610001
5/16/2014,109.370003,109.620003,108.959999,109.610001,237400,109.610001
5/15/2014,110.339996,110.660004,109,109.5,257900,109.5
5/14/2014,111.07,111.440002,110.410004,110.43,699500,110.43
5/13/2014,110.209999,111.540001,110.089996,111.379997,564200,111.379997
5/12/2014,108.870003,109.32,108.599998,109.209999,346200,109.209999
5/9/2014,108.959999,109.379997,108.529999,108.870003,371700,108.870003
5/8/2014,108.5,108.610001,107.529999,108.150002,366500,108.150002
5/7/2014,109,109.139999,108.580002,109.029999,319000,109.029999
5/6/2014,109.5,109.57,108.720001,109,429400,109
5/5/2014,109.779999,109.93,109.410004,109.440002,274800,109.440002
5/2/2014,109.989998,110.18,109.669998,109.93,420500,109.93
5/1/2014,110.019997,110.150002,109.370003,109.730003,340900,109.730003
4/30/2014,108,108.5,107.669998,108.419998,467700,108.419998
4/29/2014,107.809998,107.989998,107.379997,107.5,296500,107.5
4/28/2014,107.400002,107.459999,106.349998,107.07,392800,107.07
4/25/2014,106.809998,107.220001,106.349998,106.489998,436500,106.489998
4/24/2014,107.339996,107.339996,106.580002,107.040001,459600,107.040001
4/23/2014,108.279999,108.489998,108.120003,108.150002,276800,108.150002
4/22/2014,108.449997,108.629997,108.209999,108.419998,343900,108.419998
4/21/2014,108.900002,108.93,108.440002,108.639999,377000,108.639999
4/17/2014,108.540001,108.620003,107.690002,108.019997,393100,108.019997
4/16/2014,108,108.5,107.699997,108.470001,372700,108.470001
4/15/2014,106.629997,106.970001,105.669998,106.860001,488000,106.860001
4/14/2014,107.18,107.699997,106.730003,107.32,497400,107.32
4/11/2014,104.300003,105.809998,104.050003,104.889999,912300,104.889999
4/10/2014,105.07,105.279999,103.379997,103.389999,1535400,103.389999
4/9/2014,106.900002,107.830002,106.669998,107.730003,1117600,107.730003
4/8/2014,109.099998,109.339996,108.629997,109.099998,611900,109.099998
4/7/2014,111.510002,111.760002,110.839996,111.389999,401800,111.389999
4/4/2014,112.220001,112.599998,111.029999,111.260002,598400,111.260002
4/3/2014,112.93,113.589996,112.540001,112.860001,453200,112.860001
4/2/2014,113.360001,113.510002,112.699997,113.440002,351100,113.440002
4/1/2014,112.949997,113.339996,112.809998,113.220001,539200,113.220001
3/31/2014,113.099998,113.489998,112.550003,112.900002,481000,112.900002
3/28/2014,113.419998,113.720001,112.57,112.830002,539400,112.830002
3/27/2014,111.900002,112,111.309998,111.580002,559000,111.580002
3/26/2014,110.940002,111.980003,110.25,110.529999,858400,110.529999
3/25/2014,108.919998,109.309998,108.300003,108.459999,349300,108.459999
3/24/2014,108.300003,108.440002,107.190002,107.940002,362500,107.940002
3/21/2014,107.650002,108.43,107.339996,107.370003,413200,107.370003
3/20/2014,106.550003,107.730003,106.309998,107.610001,668100,107.610001
3/19/2014,109.209999,109.739998,108.160004,108.68,513300,108.68
3/18/2014,109.449997,110.269997,109.339996,109.830002,319000,109.830002
3/17/2014,110.07,110.809998,109.93,110.669998,438500,110.669998
3/14/2014,109.07,109.43,108.489998,108.760002,753200,108.760002
3/13/2014,111.489998,111.779999,109.68,110.209999,396100,110.209999
3/12/2014,111.279999,111.639999,110.57,111.300003,483900,111.300003
3/11/2014,113.209999,113.43,112.410004,112.459999,224100,112.459999
3/10/2014,113.610001,113.800003,113,113.339996,235500,113.339996
3/7/2014,114.800003,114.970001,113.800003,113.959999,309000,113.959999
3/6/2014,114.800003,114.949997,114.540001,114.650002,392200,114.650002
3/5/2014,113.18,113.739998,112.830002,113.260002,621900,113.260002
3/4/2014,114.830002,115.279999,114.660004,115.209999,286500,115.209999
3/3/2014,113.839996,113.980003,113.150002,113.599998,456300,113.599998
2/28/2014,115.169998,115.919998,114.860001,115.300003,307800,115.300003
2/27/2014,115.25,116.019997,114.870003,116.019997,227800,116.019997
2/26/2014,116,116.019997,115.370003,115.580002,231300,115.580002
2/25/2014,116.25,116.919998,115.940002,116.470001,298600,116.470001
2/24/2014,116.050003,116.540001,115.860001,116.169998,328600,116.169998
2/21/2014,116.389999,117.07,116.269997,116.339996,315800,116.339996
2/20/2014,115.410004,115.769997,114.860001,115.330002,242300,115.330002
2/19/2014,115.910004,116.419998,115.099998,115.220001,279900,115.220001
2/18/2014,116.519997,117.110001,115.75,116.279999,387500,116.279999
2/14/2014,115.099998,115.769997,115,115.169998,621700,115.169998
2/13/2014,114.980003,116.389999,114.860001,116.150002,419000,116.150002
2/12/2014,117.550003,118.410004,117.25,117.559998,466700,117.559998
2/11/2014,117.790001,118.110001,117.099998,117.910004,366100,117.910004
2/10/2014,117.5,117.510002,116.599998,117.040001,385000,117.040001
2/7/2014,115.900002,117.660004,115.709999,117.379997,610900,117.379997
2/6/2014,114.580002,116.18,114.440002,115.959999,439300,115.959999
2/5/2014,114.790001,115.849998,114.110001,115.660004,709900,115.660004
2/4/2014,111.849998,112.660004,110.75,112.489998,561200,112.489998
2/3/2014,113.970001,114.150002,112.080002,112.75,553800,112.75
1/31/2014,114.919998,115.5,113.610001,114.760002,566300,114.760002
1/30/2014,117.440002,117.830002,116.699997,117.160004,329900,117.160004
1/29/2014,118.260002,118.32,116.919998,117.199997,542300,117.199997
1/28/2014,117.529999,118.269997,117.290001,117.830002,564400,117.830002
1/27/2014,117.879997,118.260002,116.150002,117.029999,673000,117.029999
1/24/2014,118.989998,119.040001,117.709999,117.879997,591900,117.879997
1/23/2014,120.400002,120.440002,119.059998,119.360001,435900,119.360001
1/22/2014,121.290001,121.739998,120.739998,121.690002,371400,121.690002
1/21/2014,120.5,120.540001,119.629997,120.459999,550000,120.459999
1/17/2014,119.379997,119.980003,118.949997,119.190002,407800,119.190002
1/16/2014,119.599998,119.830002,118.900002,119.830002,244600,119.830002
1/15/2014,119.449997,120.040001,119.110001,119.470001,426400,119.470001
1/14/2014,119.25,119.75,118.669998,119.459999,473300,119.459999
1/13/2014,120.5,120.5,119.199997,119.400002,421600,119.400002
1/10/2014,120.489998,120.889999,120,120.809998,242000,120.809998
1/9/2014,120.330002,120.5,119.589996,120.330002,338500,120.330002
1/8/2014,120.18,120.18,119.650002,119.849998,349400,119.849998
1/7/2014,120.389999,120.589996,119.989998,120.459999,306200,120.459999
1/6/2014,120.879997,120.980003,120,120.169998,441100,120.169998
1/3/2014,121,121.290001,119.870003,120.510002,530500,120.510002
1/2/2014,121.599998,121.599998,120.099998,120.629997,239400,120.629997
12/31/2013,121.5,121.919998,121.220001,121.919998,230000,121.919998
12/30/2013,122.870003,122.870003,121.32,121.360001,288600,121.360001
12/27/2013,122.470001,122.480003,121.449997,121.879997,292900,121.879997
12/26/2013,120.410004,121.959999,120.410004,121.690002,434900,121.690002
12/24/2013,118.25,118.620003,118.25,118.610001,289100,118.610001
12/23/2013,118.949997,119.449997,118.779999,119.269997,395000,119.269997
12/20/2013,118.470001,118.82,118.209999,118.75,340700,118.75
12/19/2013,118.93,119.220001,118.370003,118.709999,691900,118.709999
12/18/2013,120.010002,121.089996,119.190002,121.040001,680600,121.040001
12/17/2013,118.489998,119.110001,118.110001,118.629997,343200,118.629997
12/16/2013,118.559998,119.139999,118.410004,118.650002,661700,118.650002
12/13/2013,120,120,118.919998,119.220001,595100,119.220001
12/12/2013,120.650002,120.989998,120.260002,120.339996,324800,120.339996
12/11/2013,121.330002,121.82,120.199997,120.339996,414500,120.339996
12/10/2013,121.379997,121.940002,121.300003,121.699997,362600,121.699997
12/9/2013,122.650002,122.93,122.269997,122.43,326000,122.43
12/6/2013,122.279999,123.139999,122.279999,122.739998,283800,122.739998
12/5/2013,122.300003,122.419998,121.260002,121.599998,460100,121.599998
12/4/2013,122.459999,123.589996,122.110001,123.110001,389400,123.110001
12/3/2013,123.550003,124.080002,122.529999,123.610001,489400,123.610001
12/2/2013,124.82,125.550003,124.040001,124.099998,521200,124.099998
11/29/2013,125.050003,125.489998,124.889999,125.050003,184500,125.050003
11/27/2013,125,125.68,124.910004,125.209999,246200,125.209999
11/26/2013,125.209999,125.349998,124.760002,124.93,291600,124.93
11/25/2013,126.5,126.5,125.459999,125.599998,263100,125.599998
11/22/2013,125.720001,126.760002,125.440002,126.309998,385000,126.309998
11/21/2013,125.110001,125.800003,125.110001,125.610001,635300,125.610001
11/20/2013,126.220001,126.739998,125.809998,126.050003,285800,126.050003
11/19/2013,126.309998,126.769997,125.790001,126.239998,731300,126.239998
11/18/2013,127.610001,128.600006,127.260002,127.650002,846300,127.650002
11/15/2013,127.68,128.320007,127.57,127.980003,311600,127.980003
11/14/2013,127,127.940002,126.790001,127.480003,307100,127.480003
11/13/2013,126.32,127.739998,125.980003,127.660004,332900,127.660004
11/12/2013,126.400002,127.339996,126.389999,127.300003,641700,127.300003
11/11/2013,126.870003,127.050003,126.43,126.669998,315100,126.669998
11/8/2013,126.309998,127.629997,126.309998,127.370003,459500,127.370003
11/7/2013,127.709999,128.25,125.739998,125.919998,499100,125.919998
11/6/2013,130.350006,130.350006,129.050003,129.199997,362700,129.199997
11/5/2013,128.789993,129.199997,128.149994,128.589996,498500,128.589996
11/4/2013,130,130,129.210007,129.630005,201500,129.630005
11/1/2013,129.509995,130.149994,128.960007,129.759995,202400,129.759995
10/31/2013,130.339996,130.399994,129.25,129.419998,373900,129.419998
10/30/2013,130.039993,130.479996,129.630005,130.199997,478700,130.199997
10/29/2013,128.5,129,128.369995,128.949997,302200,128.949997
10/28/2013,129,129,128.220001,128.369995,282800,128.369995
10/25/2013,128.809998,129.399994,128.5,128.690002,308200,128.690002
10/24/2013,129.600006,130,129.070007,129.820007,164200,129.820007
10/23/2013,129.259995,129.630005,128.550003,129.25,327400,129.25
10/22/2013,132.529999,132.529999,129.570007,130.710007,344300,130.710007
10/21/2013,129.369995,131,129.169998,129.380005,561200,129.380005
10/18/2013,129,129.899994,128.699997,129.520004,357700,129.520004
10/17/2013,129.449997,130.110001,129.199997,130.100006,317700,130.100006
10/16/2013,129.5,130.440002,128.800003,130.240005,187900,130.240005
10/15/2013,130.360001,130.399994,129.5,129.610001,439300,129.610001
10/14/2013,130,131.179993,129.899994,130.75,317100,130.75
10/11/2013,130.740005,131.649994,129.899994,131.649994,568300,131.649994
10/10/2013,130.059998,131,129.729996,131,364200,131
10/9/2013,127.669998,128.130005,125.980003,128.089996,565200,128.089996
10/8/2013,125.489998,125.559998,123.5,123.68,291200,123.68
10/7/2013,125.459999,126.339996,125.260002,125.339996,289600,125.339996
10/4/2013,127.470001,128.279999,127.019997,128.009995,155400,128.009995
10/3/2013,128.5,128.5,126.900002,127.75,177000,127.75
10/2/2013,127.080002,127.93,126.129997,127.660004,225000,127.660004
10/1/2013,128.029999,128.470001,126.730003,127.32,305700,127.32
9/30/2013,127.489998,128.240005,126.550003,128.029999,358500,128.029999
9/27/2013,129.910004,130.789993,129.860001,130.259995,179600,130.259995
9/26/2013,130.869995,132.339996,130.759995,131.979996,247500,131.979996
9/25/2013,130.199997,130.399994,129.5,129.850006,260900,129.850006
9/24/2013,130.619995,131.350006,129.929993,130.559998,221600,130.559998
9/23/2013,129.410004,129.949997,128.839996,129.779999,296300,129.779999
9/20/2013,130.399994,130.710007,129.240005,129.449997,408000,129.449997
9/19/2013,130.559998,130.860001,129.770004,130.199997,629500,130.199997
9/18/2013,127.489998,131.169998,127.32,130.929993,594200,130.929993
9/17/2013,126.389999,127.269997,126.099998,126.779999,286600,126.779999
9/16/2013,128,128.470001,127.489998,127.75,163700,127.75
9/13/2013,126.110001,126.900002,125.830002,126.800003,219300,126.800003
9/12/2013,126.059998,126.529999,125.510002,125.910004,328200,125.910004
9/11/2013,126.419998,127.75,126.300003,127.559998,265600,127.559998
9/10/2013,127,127.669998,126.839996,127.379997,395400,127.379997
9/9/2013,125.620003,126.879997,125.550003,126.800003,258300,126.800003
9/6/2013,125.959999,126.470001,124.339996,125.550003,307100,125.550003
9/5/2013,124.769997,125.989998,124.610001,125.639999,315300,125.639999
9/4/2013,124.209999,126.480003,124,125.839996,410500,125.839996
9/3/2013,124,125.260002,123.720001,124.300003,575200,124.300003
8/30/2013,121.199997,121.519997,120.620003,120.790001,396500,120.790001
8/29/2013,123.760002,124.980003,123.629997,123.889999,239500,123.889999
8/28/2013,123.809998,124.650002,123.279999,123.910004,173700,123.910004
8/27/2013,124.629997,124.980003,123.720001,124.040001,330000,124.040001
8/26/2013,126.269997,126.370003,124.980003,125.190002,182900,125.190002
8/23/2013,127.639999,127.639999,126.029999,127.010002,204300,127.010002
8/22/2013,124.309998,125.110001,124.160004,124.769997,184600,124.769997
8/21/2013,124.199997,124.5,122.540001,122.860001,437300,122.860001
8/20/2013,126.290001,127.190002,125.940002,126.769997,299900,126.769997
8/19/2013,128.880005,129.130005,127.889999,128.199997,196100,128.199997
8/16/2013,128.600006,129.610001,128.389999,128.880005,282600,128.880005
8/15/2013,128.949997,128.960007,127,127.449997,335400,127.449997
8/14/2013,129.729996,129.970001,129.039993,129.270004,136700,129.270004
8/13/2013,128.729996,130.550003,128.460007,130.199997,296300,130.199997
8/12/2013,128.5,128.5,127.730003,128.320007,294400,128.320007
8/9/2013,128.5,128.729996,127.300003,127.57,318700,127.57
8/8/2013,127.989998,128.479996,127.139999,128.029999,381700,128.029999
8/7/2013,128.509995,129.050003,127.5,127.559998,593400,127.559998
8/6/2013,129.679993,130.029999,129.100006,129.699997,494600,129.699997
8/5/2013,129.169998,129.970001,128.160004,129.509995,792600,129.509995
8/2/2013,129.820007,134.940002,129.050003,134.330002,1166200,134.330002
8/1/2013,126.25,126.870003,125.900002,126.239998,622900,126.239998
7/31/2013,122.209999,122.459999,121.239998,121.900002,363700,121.900002
7/30/2013,123.010002,123.339996,122.349998,122.589996,437900,122.589996
7/29/2013,120.82,121.339996,120.110001,120.25,650900,120.25
7/26/2013,124.559998,124.559998,122.919998,124.489998,616800,124.489998
7/25/2013,126.879997,127.68,126.300003,127.550003,302200,127.550003
7/24/2013,129.360001,129.389999,128.070007,128.429993,300100,128.429993
7/23/2013,130.350006,130.350006,129.050003,129.479996,315500,129.479996
7/22/2013,130,130.779999,130,130.300003,301500,130.300003
7/19/2013,130,130.539993,129.779999,130.360001,359300,130.360001
7/18/2013,130.029999,131.130005,129.779999,130.800003,480000,130.800003
7/17/2013,130.809998,131.5,129.710007,130.839996,634200,130.839996
7/16/2013,129.380005,129.460007,128.080002,128.910004,636000,128.910004
7/15/2013,129.990005,129.990005,129.199997,129.639999,241700,129.639999
7/12/2013,129.220001,129.690002,129.070007,129.690002,297400,129.690002
7/11/2013,128.529999,129.419998,128.270004,129.289993,346000,129.289993
7/10/2013,126.730003,127.010002,126.260002,126.769997,290900,126.769997
7/9/2013,126.660004,126.660004,125.480003,126.199997,454700,126.199997
7/8/2013,124.879997,125.199997,124.360001,124.900002,324400,124.900002
7/5/2013,125.919998,125.980003,124.349998,125.269997,335600,125.269997
7/3/2013,123.510002,124.519997,123.120003,124.519997,170300,124.519997
7/2/2013,124.699997,125.339996,123.879997,124.470001,620300,124.470001
7/1/2013,122.389999,123.43,121.260002,123.019997,604100,123.019997
6/28/2013,121.309998,121.669998,120.360001,120.660004,466100,120.660004
6/27/2013,120.699997,122.040001,120.43,121.739998,641700,121.739998
6/26/2013,117.830002,118.099998,116.919998,118.059998,544900,118.059998
6/25/2013,117.449997,117.790001,116.629997,117.290001,320200,117.290001
6/24/2013,117.349998,117.669998,115.279999,116.529999,653500,116.529999
6/21/2013,119.379997,119.760002,117.599998,119.550003,765500,119.550003
6/20/2013,118.970001,119.139999,116.57,117.059998,747000,117.059998
6/19/2013,122.699997,123.18,120.709999,120.779999,616500,120.779999
6/18/2013,122.440002,122.940002,121.900002,122.290001,721300,122.290001
6/17/2013,120.050003,120.889999,119.540001,120.379997,586200,120.379997
6/14/2013,118.690002,119.260002,116.790001,117.379997,591500,117.379997
6/13/2013,119.169998,121.349998,119.010002,121.300003,449600,121.300003
6/12/2013,120.959999,121.330002,118.370003,119.129997,595500,119.129997
6/11/2013,120.339996,121.269997,119.269997,119.919998,861800,119.919998
6/10/2013,121.68,121.830002,120.410004,121.150002,857200,121.150002
6/7/2013,114.470001,117.540001,113.589996,117.059998,1392700,117.059998
6/6/2013,113.519997,114.5,112.279999,114.480003,695700,114.480003
6/5/2013,115.260002,116.019997,114.540001,114.870003,514700,114.870003
6/4/2013,118.309998,118.889999,117.089996,118.260002,618800,118.260002
6/3/2013,115.580002,116.349998,113.639999,116.209999,1238900,116.209999
5/31/2013,118.43,119.470001,117.489998,117.550003,657000,117.550003
5/30/2013,120.32,121.160004,120.209999,120.459999,558700,120.459999
5/29/2013,120.300003,120.400002,118.709999,119.57,930500,119.57
5/28/2013,122.779999,124.419998,122.75,123.18,658700,123.18
5/24/2013,121,121.760002,119.540001,120.529999,1252400,120.529999
5/23/2013,122.480003,124.980003,119.889999,124.660004,1491500,124.660004
5/22/2013,130,130.990005,127.510002,127.839996,917700,127.839996
5/21/2013,129.690002,129.979996,129.119995,129.720001,513100,129.720001
5/20/2013,128.149994,128.979996,128.100006,128.649994,667600,128.649994
5/17/2013,126.32,127.470001,126.279999,127.32,605600,127.32
5/16/2013,126,126.239998,124.879997,125.120003,571900,125.120003
5/15/2013,125.610001,126.599998,125.379997,126.599998,807900,126.599998
5/14/2013,122.970001,124.379997,122.5,124.150002,1332800,124.150002
5/13/2013,123.279999,124.849998,123.080002,124.830002,1251400,124.830002
5/10/2013,119.809998,121.379997,119.589996,121.279999,1370800,121.279999
5/9/2013,117.470001,118.68,117.160004,118.139999,1061800,118.139999
5/8/2013,117.739998,119.75,116.559998,119.699997,946500,119.699997
5/7/2013,116.519997,117.57,115.959999,116.080002,560500,116.080002
5/6/2013,115,115.25,114.839996,115.029999,241700,115.029999
5/3/2013,114.949997,115.410004,114.849998,114.919998,437600,114.919998
5/2/2013,113.089996,114.739998,112.839996,114.379997,461000,114.379997
5/1/2013,114.269997,114.75,113.68,113.720001,632000,113.720001
4/30/2013,115.910004,116.389999,115.82,116.300003,334700,116.300003
4/29/2013,115.959999,116.82,115.790001,116.540001,172900,116.540001
4/26/2013,115.349998,115.919998,115.089996,115.480003,387700,115.480003
4/25/2013,115.279999,116.290001,114.580002,115.839996,544900,115.839996
4/24/2013,113.440002,114.290001,113.18,113.690002,622200,113.690002
4/23/2013,112.220001,113.169998,112.129997,112.940002,705100,112.940002
4/22/2013,111.559998,112.690002,111.279999,112.230003,773600,112.230003
4/19/2013,111.690002,112.400002,111.230003,112.260002,372300,112.260002
4/18/2013,111.32,111.32,110.389999,110.550003,312200,110.550003
4/17/2013,112.739998,112.919998,111.339996,111.660004,646800,111.660004
4/16/2013,112.480003,112.830002,112.07,112.510002,327500,112.510002
4/15/2013,112.290001,113,111,111.089996,567700,111.089996
4/12/2013,113.260002,113.620003,112,113.099998,580800,113.099998
4/11/2013,112.5,113.639999,111.82,113.279999,2010500,113.279999
4/10/2013,108.650002,108.980003,108.389999,108.779999,592600,108.779999
4/9/2013,107.150002,107.949997,106.839996,107.519997,686500,107.519997
4/8/2013,107.5,108.739998,107.169998,108.709999,1075600,108.709999
4/5/2013,105.279999,106.720001,104.959999,106.5,1578300,106.5
4/4/2013,105.239998,105.889999,104.82,105.629997,1709400,105.629997
4/3/2013,102.489998,102.589996,100.660004,100.879997,559800,100.879997
4/2/2013,99.82,100.360001,99.699997,99.949997,498800,99.949997
4/1/2013,101.879997,101.889999,100.879997,101.220001,334900,101.220001
3/28/2013,102.639999,102.68,102.199997,102.639999,327200,102.639999
3/27/2013,102.620003,103.199997,102.43,103.099998,657700,103.099998
3/26/2013,103.839996,103.959999,103.129997,103.599998,277800,103.599998
3/25/2013,104.269997,104.290001,102.5,103.309998,295500,103.309998
3/22/2013,103.68,104.050003,103.610001,103.989998,175500,103.989998
3/21/2013,104.300003,104.300003,103.25,103.529999,342100,103.529999
3/20/2013,103.400002,104.639999,103.400002,104.279999,308800,104.279999
3/19/2013,103.690002,104,102.599998,103.150002,242400,103.150002
3/18/2013,103.43,103.620003,102.699997,102.870003,481500,102.870003
3/15/2013,104.139999,104.199997,103.510002,103.93,285600,103.93
3/14/2013,103.07,103.639999,103.040001,103.540001,196600,103.540001
3/13/2013,102.660004,103.25,102.529999,102.949997,180500,102.949997
3/12/2013,102.940002,103.440002,102.540001,102.760002,398500,102.760002
3/11/2013,103.900002,104.190002,103.730003,104.190002,174300,104.190002
3/8/2013,103.419998,104,103,103.690002,420600,103.690002
3/7/2013,103.199997,103.830002,103.099998,103.260002,399000,103.260002
3/6/2013,104.230003,104.620003,103.720001,104.449997,606300,104.449997
3/5/2013,102.730003,103.800003,102.540001,103.300003,2210200,103.300003
3/4/2013,102.010002,102.459999,101.480003,102.440002,244900,102.440002
3/1/2013,102.330002,102.959999,102,102.690002,925800,102.690002
2/28/2013,102.889999,103.080002,102.07,102.599998,538800,102.599998
2/27/2013,100.489998,101.800003,100.309998,101.610001,434600,101.610001
2/26/2013,102.25,102.779999,101.5,102.459999,845700,102.459999
2/25/2013,102.129997,102.480003,99.339996,99.419998,697300,99.419998
2/22/2013,102.029999,102.339996,101.459999,102.339996,694400,102.339996
2/21/2013,101.760002,101.910004,100.330002,101.099998,608600,101.099998
2/20/2013,103.790001,103.989998,102.540001,102.589996,602100,102.589996
2/19/2013,101.769997,102.690002,101.599998,102.519997,753100,102.519997
2/15/2013,102.959999,103.099998,102.419998,102.599998,478700,102.599998
2/14/2013,103,103.5,102.580002,102.639999,535300,102.639999
2/13/2013,104.669998,104.919998,104.019997,104.209999,855600,104.209999
2/12/2013,105.099998,105.220001,104.660004,104.830002,455300,104.830002
2/11/2013,105.080002,106,105.080002,105.93,700100,105.93
2/8/2013,104.599998,104.900002,104.040001,104.449997,779500,104.449997
2/7/2013,103.32,103.599998,102.400002,102.800003,682000,102.800003
2/6/2013,101.75,102.800003,101.459999,102.800003,1104900,102.800003
2/5/2013,99.510002,99.669998,98.199997,98.860001,714500,98.860001
2/4/2013,98.440002,98.620003,97.629997,97.830002,650500,97.830002
2/1/2013,97.239998,98.269997,97.190002,98.129997,535000,98.129997
1/31/2013,95.599998,95.650002,95.110001,95.370003,329700,95.370003
1/30/2013,96.120003,96.309998,95.550003,95.599998,256800,95.599998
1/29/2013,95.269997,95.839996,95.18,95.599998,370400,95.599998
1/28/2013,95.199997,95.199997,94.510002,94.779999,416500,94.779999
1/25/2013,96.449997,96.480003,95.919998,96.099998,372900,96.099998
1/24/2013,94.989998,96.139999,94.989998,95.739998,521900,95.739998
1/23/2013,94.199997,94.589996,94.139999,94.449997,422400,94.449997
1/22/2013,94.370003,94.949997,94.150002,94.830002,558400,94.830002
1/18/2013,95.970001,96.010002,95.459999,95.889999,517600,95.889999
1/17/2013,95.959999,97.169998,95.589996,96.779999,744600,96.779999
1/16/2013,94.330002,95.489998,94.199997,94.639999,700400,94.639999
1/15/2013,95.580002,96.57,95.300003,96.43,1054800,96.43
1/14/2013,96.580002,97.029999,96.419998,96.800003,602800,96.800003
1/11/2013,95.989998,96.489998,95.989998,96.110001,495100,96.110001
1/10/2013,96.279999,97.110001,96.050003,96.860001,452000,96.860001
1/9/2013,95.089996,95.660004,95.010002,95.660004,379000,95.660004
1/8/2013,93.970001,94.279999,93.199997,93.93,501000,93.93
1/7/2013,95.349998,95.839996,94.389999,95.529999,325500,95.529999
1/4/2013,96.779999,97.550003,96.400002,97.339996,743800,97.339996
1/3/2013,95.370003,96.129997,95.120003,95.370003,539800,95.370003
1/2/2013,94.779999,95.989998,94.779999,95.989998,535700,95.989998
12/31/2012,92.040001,93.360001,92.040001,93.25,521400,93.25
12/28/2012,92.290001,92.449997,91.870003,92.07,509000,92.07
12/27/2012,91.720001,92.610001,91.309998,92.540001,684600,92.540001
12/26/2012,90.529999,90.970001,90.150002,90.360001,586400,90.360001
12/24/2012,90.900002,91.379997,90.809998,91.18,163600,91.18
12/21/2012,90.449997,91.010002,90.18,90.769997,531400,90.769997
12/20/2012,92.32,92.690002,91.82,92.629997,754700,92.629997
12/19/2012,91.360001,91.410004,90.610001,90.75,561500,90.75
12/18/2012,88.019997,89.330002,87.699997,89.25,612500,89.25
12/17/2012,85.860001,86.589996,85.860001,86.589996,168100,86.589996
12/14/2012,85.68,86,85.669998,85.919998,168000,85.919998
12/13/2012,85.919998,86,85,85.879997,359600,85.879997
12/12/2012,86.239998,87,86.239998,86.779999,328700,86.779999
12/11/2012,85.800003,86.370003,85.730003,86.050003,272900,86.050003
12/10/2012,85.599998,86.050003,85.559998,85.919998,250300,85.919998
12/7/2012,85.730003,86.199997,85.540001,86.099998,252400,86.099998
12/6/2012,85.459999,85.660004,85.279999,85.660004,170300,85.660004
12/5/2012,85.059998,85.550003,84.949997,85.269997,252500,85.269997
12/4/2012,85.5,85.970001,85.459999,85.519997,244900,85.519997
12/3/2012,85.620003,86.07,85.519997,85.660004,334500,85.660004
11/30/2012,85.940002,86.220001,85.849998,86.080002,273300,86.080002
11/29/2012,85.599998,86.650002,85.550003,86.510002,300600,86.510002
11/28/2012,84.449997,85.230003,83.800003,85.110001,302200,85.110001
11/27/2012,85.720001,85.800003,85.120003,85.239998,249500,85.239998
11/26/2012,86.580002,86.839996,86.230003,86.730003,438500,86.730003
11/23/2012,85.440002,85.690002,85.120003,85.610001,352900,85.610001
11/21/2012,84.019997,84.43,83.839996,84.43,285200,84.43
11/20/2012,82.559998,83.050003,82.449997,82.870003,229000,82.870003
11/19/2012,82.959999,83.32,82.860001,83.309998,361900,83.309998
11/16/2012,82.110001,82.279999,81.360001,82.089996,522300,82.089996
11/15/2012,79.459999,80.32,79.360001,80.260002,739400,80.260002
11/14/2012,76.970001,77.349998,76.169998,76.410004,381000,76.410004
11/13/2012,77.510002,78.160004,77.330002,77.870003,182100,77.870003
11/12/2012,77.790001,78.019997,77.690002,77.699997,157700,77.699997
11/9/2012,78.599998,79.050003,78.449997,78.650002,172600,78.650002
11/8/2012,79.029999,79.199997,78.260002,78.349998,223400,78.349998
11/7/2012,80.480003,80.5,79.480003,79.68,279800,79.68
11/6/2012,81.169998,81.440002,80.940002,81.239998,324900,81.239998
11/5/2012,80.309998,81.419998,79.589996,81.349998,681000,81.349998
11/2/2012,78.459999,78.5,77.699997,77.800003,157200,77.800003
11/1/2012,77.599998,78.120003,77.370003,78.050003,186200,78.050003
10/31/2012,76.959999,77.75,76.959999,77.470001,290700,77.470001
10/26/2012,77.300003,77.620003,76.860001,77.360001,195100,77.360001
10/25/2012,78.559998,78.800003,78.019997,78.449997,526400,78.449997
10/24/2012,77.779999,77.900002,77.209999,77.370003,198200,77.370003
10/23/2012,77.82,77.849998,77.360001,77.68,282600,77.68
10/22/2012,78.910004,79.139999,78.32,78.970001,484500,78.970001
10/19/2012,78.43,78.5,77.559998,77.830002,310500,77.830002
10/18/2012,78.690002,78.739998,78.220001,78.510002,840400,78.510002
10/17/2012,77.940002,78.010002,77.650002,77.989998,278900,77.989998
10/16/2012,76.760002,77.379997,76.75,77.32,318700,77.32
10/15/2012,76.25,76.339996,75.830002,76.209999,341100,76.209999
10/12/2012,75.169998,75.330002,74.519997,74.669998,197600,74.669998
10/11/2012,74.790001,75.220001,74.790001,74.849998,369600,74.849998
10/10/2012,75.239998,75.279999,74.269997,74.5,550800,74.5
10/9/2012,76.440002,76.480003,75.790001,76.059998,294400,76.059998
10/8/2012,77.419998,77.559998,77.169998,77.339996,145500,77.339996
10/5/2012,77.959999,78.199997,77.589996,77.699997,312500,77.699997
10/4/2012,78.720001,79.07,78.690002,78.980003,305900,78.980003
10/3/2012,76.949997,77.300003,76.730003,77.089996,246400,77.089996
10/2/2012,77,77.150002,76.57,76.849998,394500,76.849998
10/1/2012,77.120003,77.599998,76.879997,77.07,578400,77.07
9/28/2012,78.199997,78.550003,78.059998,78.510002,646300,78.510002
9/27/2012,80,80.330002,79.660004,80.25,484400,80.25
9/26/2012,79.480003,79.540001,78.540001,78.669998,576400,78.669998
9/25/2012,81.279999,81.449997,80.419998,80.480003,549500,80.480003
9/24/2012,80.339996,80.550003,80.050003,80.5,341100,80.5
9/21/2012,82.080002,82.150002,81.5,81.5,121300,81.5
9/20/2012,81.879997,82.050003,81.489998,81.940002,227800,81.940002
9/19/2012,82.169998,82.690002,82.07,82.18,314800,82.18
9/18/2012,81.260002,81.559998,81.139999,81.419998,395100,81.419998
9/17/2012,82.760002,82.790001,81.400002,81.410004,412000,81.410004
9/14/2012,83.169998,83.739998,83.050003,83.18,349700,83.18
9/13/2012,81.389999,83.040001,81.220001,82.940002,377900,82.940002
9/12/2012,82.279999,82.419998,81.790001,82.07,268000,82.07
9/11/2012,81.190002,81.519997,81.110001,81.300003,339500,81.300003
9/10/2012,82.190002,82.239998,81.629997,81.690002,251700,81.690002
9/7/2012,80.809998,81.739998,80.720001,81.669998,420500,81.669998
9/6/2012,79.370003,80.370003,79.370003,80.32,351700,80.32
9/5/2012,78.089996,78.580002,78.010002,78.440002,467800,78.440002
9/4/2012,78.699997,79.050003,78.400002,78.730003,378900,78.730003
8/31/2012,79.57,79.900002,79.010002,79.620003,300000,79.620003
8/30/2012,80.620003,80.629997,80.019997,80.230003,177100,80.230003
8/29/2012,80.900002,81.099998,80.68,81,211200,81
8/28/2012,80.800003,81.120003,80.699997,80.889999,215300,80.889999
8/27/2012,82,82,81.529999,81.589996,136500,81.589996
8/24/2012,81.839996,82.529999,81.75,82.480003,150200,82.480003
8/23/2012,82.540001,82.639999,81.839996,82.059998,275900,82.059998
8/22/2012,82.230003,82.690002,82.029999,82.459999,513600,82.459999
8/21/2012,82.540001,82.739998,81.75,81.900002,355000,81.900002
8/20/2012,82,82.029999,81.599998,81.669998,185300,81.669998
8/17/2012,82.580002,82.580002,82.379997,82.57,189700,82.57
8/16/2012,81.82,82.459999,81.620003,82.309998,332100,82.309998
8/15/2012,80.120003,80.459999,80.040001,80.209999,191400,80.209999
8/14/2012,80.5,80.629997,80.150002,80.339996,295600,80.339996
8/13/2012,81.050003,81.400002,80.910004,80.989998,264300,80.989998
8/10/2012,80.580002,81.550003,80.5,81.489998,257900,81.489998
8/9/2012,81.309998,81.809998,81.260002,81.559998,206700,81.559998
8/8/2012,80.459999,81.150002,80.379997,80.940002,461100,80.940002
8/7/2012,81.970001,82,81.629997,81.690002,322300,81.690002
8/6/2012,80.309998,81.110001,79.800003,80.75,1414600,80.75
8/3/2012,80.139999,81.32,79.860001,81.059998,1725400,81.059998
8/2/2012,76.800003,77.190002,76.220001,77.029999,1199500,77.029999
8/1/2012,77.080002,77.32,76.5,76.709999,1176600,76.709999
7/31/2012,77.040001,77.07,76.470001,76.510002,1462000,76.510002
7/30/2012,75.389999,75.610001,75.169998,75.470001,187500,75.470001
7/27/2012,75.309998,76.25,75.029999,76.089996,283800,76.089996
7/26/2012,73.860001,74.25,73.669998,74.110001,211800,74.110001
7/25/2012,72.489998,72.800003,72.040001,72.510002,226400,72.510002
7/24/2012,73.470001,73.510002,72.559998,72.980003,338600,72.980003
7/23/2012,74.309998,74.449997,73.760002,74.230003,208200,74.230003
7/20/2012,75.400002,75.610001,75.110001,75.129997,252700,75.129997
7/19/2012,76.68,77.080002,76.629997,76.75,148000,76.75
7/18/2012,75.900002,76.669998,75.879997,76.480003,240300,76.480003
7/17/2012,75.93,76.07,75.410004,75.879997,184500,75.879997
7/16/2012,76.199997,76.449997,76.029999,76.230003,159000,76.230003
7/13/2012,75.720001,76.68,75.720001,76.550003,166400,76.550003
7/12/2012,76.080002,76.199997,75.43,75.910004,397100,75.910004
7/11/2012,77.5,77.730003,76.989998,77.360001,179900,77.360001
7/10/2012,78.480003,78.480003,77.309998,77.589996,284000,77.589996
7/9/2012,79.199997,79.349998,78.769997,79.339996,158600,79.339996
7/6/2012,80.080002,80.379997,79.709999,80.139999,162300,80.139999
7/5/2012,80.580002,80.779999,80.269997,80.620003,235200,80.620003
7/3/2012,80.639999,81.120003,80.529999,80.879997,174700,80.879997
7/2/2012,80.339996,80.349998,79.599998,80.18,270700,80.18
6/29/2012,80.269997,80.5,79.809998,80.480003,797000,80.480003
6/28/2012,77.620003,78.110001,77.239998,78.040001,341500,78.040001
6/27/2012,76.25,76.400002,76.099998,76.279999,415100,76.279999
6/26/2012,76.440002,76.489998,75.849998,76.300003,515200,76.300003
6/25/2012,76.489998,76.559998,75.779999,76.089996,396000,76.089996
6/22/2012,76.989998,77,76.389999,76.800003,188700,76.800003
6/21/2012,77.82,77.970001,76.199997,76.260002,299800,76.260002
6/20/2012,77.190002,77.440002,76.739998,77.379997,271200,77.379997
6/19/2012,76.720001,77.25,76.559998,76.889999,215000,76.889999
6/18/2012,76.529999,77.18,76.5,76.849998,407800,76.849998
6/15/2012,76.010002,76.580002,75.910004,76.5,179000,76.5
6/14/2012,75.830002,76.160004,75.480003,76.029999,223300,76.029999
6/13/2012,76.419998,76.699997,75.949997,76.139999,259600,76.139999
6/12/2012,76.199997,76.57,75.75,76.489998,140900,76.489998
6/11/2012,76.779999,76.830002,75.57,75.589996,282200,75.589996
6/8/2012,76.019997,76.589996,75.660004,76.510002,271200,76.510002
6/7/2012,77.519997,77.650002,76.68,76.830002,225500,76.830002
6/6/2012,76.019997,76.889999,76,76.870003,397300,76.870003
6/5/2012,74.559998,75.220001,74.440002,75.010002,247500,75.010002
6/4/2012,74.730003,74.75,73.900002,74.620003,584400,74.620003
6/1/2012,75.849998,76.160004,74.75,74.809998,574900,74.809998
5/31/2012,76.889999,77.239998,76.43,76.889999,294800,76.889999
5/30/2012,76.559998,76.879997,76.279999,76.339996,489300,76.339996
5/29/2012,77.089996,77.650002,76.699997,77.050003,435100,77.050003
5/25/2012,77.019997,77.139999,76.610001,76.800003,199600,76.800003
5/24/2012,77.25,77.489998,76.739998,77.199997,358800,77.199997
5/23/2012,77.18,77.279999,76.269997,77.25,241000,77.25
5/22/2012,77.419998,77.93,76.849998,77.220001,282000,77.220001
5/21/2012,75.769997,76.790001,75.739998,76.699997,566800,76.699997
5/18/2012,76.849998,77.010002,75.870003,76.059998,365900,76.059998
5/17/2012,77.519997,77.82,77.139999,77.209999,881500,77.209999
5/16/2012,77.400002,77.699997,76.620003,76.720001,563100,76.720001
5/15/2012,78.919998,78.940002,78.150002,78.300003,429900,78.300003
5/14/2012,79.989998,80.199997,79.589996,79.699997,385700,79.699997
5/11/2012,81.040001,81.599998,80.650002,80.709999,448900,80.709999
5/10/2012,80.260002,80.379997,79.68,79.730003,477600,79.730003
5/9/2012,79.18,80.989998,78.870003,80.550003,790900,80.550003
5/8/2012,78.099998,78.290001,77.400002,78.169998,437700,78.169998
5/7/2012,78.239998,78.849998,78.059998,78.690002,252000,78.690002
5/4/2012,78.769997,78.830002,78.389999,78.629997,595400,78.629997
5/3/2012,79.809998,79.830002,79.18,79.220001,389500,79.220001
5/2/2012,79.599998,80.089996,79.339996,79.849998,317400,79.849998
5/1/2012,79.540001,80.559998,79.540001,80.150002,545600,80.150002
4/30/2012,82.050003,82.050003,81.370003,81.779999,357000,81.779999
4/27/2012,82.080002,82.489998,81.870003,82.290001,292600,82.290001
4/26/2012,80.940002,82.010002,80.940002,81.830002,199900,81.830002
4/25/2012,80.989998,81.400002,80.879997,81.360001,330800,81.360001
4/24/2012,80.779999,81.080002,80.470001,80.730003,354900,80.730003
4/23/2012,79.419998,79.540001,78.910004,79.43,634500,79.43
4/20/2012,81.019997,81.18,80.5,80.540001,620900,80.540001
4/19/2012,82.459999,82.739998,81.660004,81.790001,413500,81.790001
4/18/2012,81.309998,81.839996,81.209999,81.550003,396300,81.550003
4/17/2012,81.110001,81.959999,80.940002,81.440002,339000,81.440002
4/16/2012,81.800003,81.849998,81.040001,81.239998,267700,81.239998
4/13/2012,81.879997,81.900002,81.07,81.419998,448200,81.419998
4/12/2012,82.169998,83.110001,82.019997,83.010002,331200,83.010002
4/11/2012,82.419998,82.589996,81.760002,82.510002,479700,82.510002
4/10/2012,81.959999,82.419998,80.690002,80.940002,745300,80.940002
4/9/2012,81.610001,82.029999,81.400002,81.699997,440400,81.699997
4/5/2012,83.300003,83.93,83.220001,83.860001,329800,83.860001
4/4/2012,83.769997,83.849998,82.970001,83.599998,627000,83.599998
4/3/2012,86.660004,86.769997,85.739998,86.220001,437400,86.220001
4/2/2012,85.660004,86.980003,85.629997,86.690002,554800,86.690002
3/30/2012,87.120003,87.150002,86.540001,86.82,270400,86.82
3/29/2012,85.800003,86.169998,85.440002,86.059998,376000,86.059998
3/28/2012,87.099998,87.139999,86.209999,86.699997,731500,86.699997
3/27/2012,85.860001,86,85.400002,85.639999,487600,85.639999
3/26/2012,84.190002,84.589996,83.800003,84.349998,559000,84.349998
3/23/2012,83.360001,83.760002,82.970001,83.760002,437500,83.760002
3/22/2012,83.970001,84.720001,83.959999,84.43,516900,84.43
3/21/2012,84.07,84.230003,83.790001,83.959999,283500,83.959999
3/20/2012,84.43,84.860001,84.099998,84.660004,303800,84.660004
3/19/2012,85.199997,85.290001,84.790001,85.239998,316100,85.239998
3/16/2012,85.769997,85.849998,85.339996,85.400002,368200,85.400002
3/15/2012,85.099998,85.43,84.790001,85.339996,591300,85.339996
3/14/2012,84.059998,84.199997,83.309998,83.540001,344700,83.540001
3/13/2012,83.099998,83.989998,83.089996,83.970001,308000,83.970001
3/12/2012,83.18,83.18,82.610001,82.779999,271400,82.779999
3/9/2012,83.449997,83.940002,83.339996,83.809998,503000,83.809998
3/8/2012,82.18,82.550003,82.059998,82.519997,452400,82.519997
3/7/2012,80.43,80.809998,80.269997,80.720001,339000,80.720001
3/6/2012,80.309998,80.32,79.699997,80.150002,611700,80.150002
3/5/2012,81.379997,81.449997,80.889999,81.239998,524300,81.239998
3/2/2012,81.410004,81.589996,80.830002,81.57,836600,81.57
3/1/2012,82.57,83.379997,82.510002,83.07,546000,83.07
2/29/2012,83.629997,83.93,82.68,82.709999,505400,82.709999
2/28/2012,84.239998,84.809998,84.099998,84.650002,368500,84.650002
2/27/2012,82.989998,83.849998,82.769997,83.599998,387800,83.599998
2/24/2012,84.209999,84.900002,84.209999,84.540001,567600,84.540001
2/23/2012,83.879997,84.110001,83.360001,84.07,360700,84.07
2/22/2012,83.980003,84.360001,83.93,84.309998,498900,84.309998
2/21/2012,83.169998,83.489998,82.860001,83.220001,383900,83.220001
2/17/2012,83.75,83.800003,83.120003,83.360001,305600,83.360001
2/16/2012,83.010002,83.720001,82.839996,83.650002,1599600,83.650002
2/15/2012,82.900002,83.089996,82.379997,82.559998,954300,82.559998
2/14/2012,79.870003,80,79.57,80,573700,80
2/13/2012,78.800003,79.160004,78.779999,78.910004,377800,78.910004
2/10/2012,78.940002,79.040001,78.160004,78.389999,707800,78.389999
2/9/2012,81.339996,81.5,80.610001,80.879997,701400,80.879997
2/8/2012,81.059998,81.150002,80.639999,81.050003,1049400,81.050003
2/7/2012,79.480003,80,79,79.610001,1041100,79.610001
2/6/2012,77.580002,78.080002,77.400002,77.709999,662900,77.709999
2/3/2012,76.459999,76.769997,76.269997,76.470001,501200,76.470001
2/2/2012,76.139999,76.379997,75.910004,76.230003,516300,76.230003
2/1/2012,74.910004,75.449997,74.910004,75.199997,500500,75.199997
1/31/2012,73.739998,74,73.190002,73.480003,313200,73.480003
1/30/2012,72.93,73.330002,72.470001,73.110001,263100,73.110001
1/27/2012,73.889999,74.209999,73.400002,73.57,427000,73.57
1/26/2012,74.769997,74.879997,74.389999,74.589996,837900,74.589996
1/25/2012,73.209999,74.389999,72.879997,74.220001,1152600,74.220001
1/24/2012,72.010002,72.400002,71.5,72.330002,636300,72.330002
1/23/2012,71.230003,71.589996,71,71.150002,641900,71.150002
1/20/2012,70.370003,71.419998,70.300003,71.400002,704100,71.400002
1/19/2012,68.589996,69.290001,68.559998,69.089996,934300,69.089996
1/18/2012,67.580002,68.029999,67.269997,67.849998,906500,67.849998
1/17/2012,67.93,68.019997,67.610001,67.639999,456700,67.639999
1/13/2012,68.07,68.449997,68,68.260002,223200,68.260002
1/12/2012,68.07,68.309998,67.879997,68.139999,512900,68.139999
1/11/2012,68.199997,68.68,67.860001,68.599998,257900,68.599998
1/10/2012,68.510002,68.910004,68.440002,68.669998,352800,68.669998
1/9/2012,68.5,68.709999,68.220001,68.419998,301700,68.419998
1/6/2012,68.519997,68.599998,68.220001,68.510002,212000,68.510002
1/5/2012,68.5,68.830002,68.370003,68.620003,343700,68.620003
1/4/2012,68.230003,68.68,68.07,68.43,501600,68.43
1/3/2012,67.389999,67.900002,67.309998,67.779999,377100,67.779999
12/30/2011,65.860001,66.419998,65.709999,66.129997,373100,66.129997
12/29/2011,64.589996,65.300003,64.540001,65.260002,351000,65.260002
12/28/2011,64.809998,64.949997,64.050003,64.25,386100,64.25
12/27/2011,64.699997,64.699997,64.260002,64.360001,245100,64.360001
12/23/2011,64.93,65,64.559998,64.949997,281000,64.949997
12/22/2011,64.339996,64.720001,64.059998,64.5,404000,64.5
12/21/2011,64.139999,64.370003,63.84,64.25,308000,64.25
12/20/2011,64.580002,64.580002,63.939999,64.489998,374700,64.489998
12/19/2011,63.950001,64.290001,63.27,63.310001,354600,63.310001
12/16/2011,64.089996,64.279999,63.5,63.700001,602100,63.700001
12/15/2011,65.529999,65.760002,65.209999,65.370003,323100,65.370003
12/14/2011,65.309998,65.620003,64.900002,65.220001,549300,65.220001
12/13/2011,66.610001,67,65.260002,65.639999,577300,65.639999
12/12/2011,67.139999,67.139999,66.150002,66.489998,443700,66.489998
12/9/2011,66.480003,68.639999,66.470001,68.199997,736400,68.199997
12/8/2011,68.029999,68.169998,67,67.129997,412900,67.129997
12/7/2011,68.110001,68.660004,67.57,68.449997,671400,68.449997
12/6/2011,67.260002,67.550003,66.830002,67.110001,593900,67.110001
12/5/2011,68.029999,68.18,67.580002,68.050003,905700,68.050003
12/2/2011,66.68,66.860001,66.110001,66.220001,461200,66.220001
12/1/2011,65.57,66.199997,65.5,65.720001,449900,65.720001
11/30/2011,65.610001,66.379997,65.470001,65.910004,830900,65.910004
11/29/2011,64.480003,64.739998,64.089996,64.389999,507600,64.389999
11/28/2011,64.120003,64.410004,63.900002,64.169998,620500,64.169998
11/25/2011,62.150002,62.919998,61.939999,62.110001,386000,62.110001
11/23/2011,61.450001,61.450001,60.369999,60.389999,645900,60.389999
11/22/2011,61.41,62.310001,61.41,61.939999,516100,61.939999
11/21/2011,61.759998,61.939999,61,61.189999,749300,61.189999
11/18/2011,64.029999,64.169998,63.43,63.560001,519400,63.560001
11/17/2011,64.540001,64.779999,63.880001,64.330002,740000,64.330002
11/16/2011,64.459999,64.459999,63.450001,63.540001,553000,63.540001
11/15/2011,64,64.220001,63.599998,63.939999,376500,63.939999
11/14/2011,64.230003,64.559998,64.050003,64.309998,503500,64.309998
11/11/2011,63.799999,64.199997,63.669998,64.120003,629800,64.120003
11/10/2011,64.730003,64.730003,64.050003,64.449997,383000,64.449997
11/9/2011,64.220001,64.57,63.799999,64.010002,798800,64.010002
11/8/2011,63.529999,64.800003,63.529999,64.610001,765600,64.610001
11/7/2011,65.309998,65.489998,64.870003,65.480003,331800,65.480003
11/4/2011,65.190002,65.389999,64.800003,65.18,363100,65.18
11/3/2011,65.260002,65.489998,64.510002,65.389999,684800,65.389999
11/2/2011,64.870003,65.599998,64.699997,64.839996,825400,64.839996
11/1/2011,65.309998,65.980003,65.139999,65.260002,861500,65.260002
10/31/2011,67.199997,67.360001,66.699997,66.709999,702300,66.709999
10/28/2011,69.209999,69.809998,68.93,69.660004,577700,69.660004
10/27/2011,68.330002,69.760002,68.300003,69.260002,766900,69.260002
10/26/2011,67.18,67.18,66.449997,66.889999,633300,66.889999
10/25/2011,66.800003,67.18,66.150002,66.32,518400,66.32
10/24/2011,67.370003,68.260002,67.370003,68.029999,369500,68.029999
10/21/2011,67.199997,67.760002,67.019997,67.610001,437400,67.610001
10/20/2011,67.010002,67.169998,66.160004,66.790001,664800,66.790001
10/19/2011,67.769997,67.870003,67.040001,67.339996,348100,67.339996
10/18/2011,67.160004,68.720001,66.980003,68.120003,374400,68.120003
10/17/2011,67.519997,67.949997,67.199997,67.32,320600,67.32
10/14/2011,67.339996,67.629997,67.07,67.459999,421800,67.459999
10/13/2011,67.529999,67.82,67.150002,67.699997,508000,67.699997
10/12/2011,67.75,68.32,67.339996,67.800003,500900,67.800003
10/11/2011,67.190002,67.709999,67.019997,67.309998,363400,67.309998
10/10/2011,67.199997,68.089996,67.099998,68,341300,68
10/7/2011,67.150002,67.199997,66.080002,66.129997,582600,66.129997
10/6/2011,66.449997,67.32,66.269997,67.199997,424100,67.199997
10/5/2011,65.57,66.970001,65.339996,66.690002,565200,66.690002
10/4/2011,66.120003,67.209999,65.300003,67.209999,812200,67.209999
10/3/2011,68.220001,69.089996,66.690002,66.970001,547400,66.970001
9/30/2011,68.970001,69.370003,68.25,68.260002,591300,68.260002
9/29/2011,70.510002,70.910004,69.080002,70.209999,375500,70.209999
9/28/2011,69.690002,70.470001,69.010002,69.139999,471400,69.139999
9/27/2011,69.779999,69.910004,68.459999,68.800003,613600,68.800003
9/26/2011,68.370003,68.800003,67.57,68.769997,571100,68.769997
9/23/2011,67.190002,67.900002,66.839996,67.849998,353700,67.849998
9/22/2011,67.400002,68.019997,66.339996,66.970001,571200,66.970001
9/21/2011,70.110001,70.309998,68.199997,68.300003,414000,68.300003
9/20/2011,70.75,71.360001,70.309998,70.43,618600,70.43
9/19/2011,69.860001,71.010002,69.410004,70.839996,476700,70.839996
9/16/2011,71.489998,71.550003,70.419998,70.809998,280300,70.809998
9/15/2011,70.519997,71.239998,70.150002,71.209999,422600,71.209999
9/14/2011,69.449997,70.220001,68.580002,69.57,393200,69.57
9/13/2011,68.639999,69.139999,68.360001,69.050003,426000,69.050003
9/12/2011,67.230003,68.239998,67.050003,68.169998,536700,68.169998
9/9/2011,68.410004,68.629997,67.559998,67.800003,496500,67.800003
9/8/2011,69.599998,70.139999,69.07,69.370003,492000,69.370003
9/7/2011,69.709999,69.989998,69.279999,69.849998,722200,69.849998
9/6/2011,67.839996,68.480003,67.629997,68.269997,956900,68.269997
9/2/2011,70.110001,70.220001,69.029999,69.339996,763800,69.339996
9/1/2011,71.599998,72.169998,71.059998,71.169998,472500,71.169998
8/31/2011,71.629997,72.199997,71.290001,71.839996,729700,71.839996
8/30/2011,70.900002,71.309998,70.459999,70.940002,779900,70.940002
8/29/2011,71.349998,72.360001,71.209999,72.099998,727200,72.099998
8/26/2011,71.260002,72.269997,70.589996,71.650002,415400,71.650002
8/25/2011,72.440002,72.779999,70.940002,71.269997,461400,71.269997
8/24/2011,71.290001,72.190002,71.169998,72.080002,692300,72.080002
8/23/2011,71.629997,72.879997,71.110001,72.879997,442200,72.879997
8/22/2011,71.559998,71.660004,70.050003,70.540001,935900,70.540001
8/19/2011,71.709999,72.440002,70.330002,70.699997,1552700,70.699997
8/18/2011,72.470001,72.470001,70.900002,71.57,875800,71.57
8/17/2011,75.059998,75.300003,74.379997,74.68,224900,74.68
8/16/2011,75.230003,76.010002,74.730003,75.419998,252800,75.419998
8/15/2011,75.559998,76.199997,75.260002,76.120003,316600,76.120003
8/12/2011,74.459999,75.040001,74.099998,74.400002,642800,74.400002
8/11/2011,73.550003,75.940002,73.010002,75.139999,579600,75.139999
8/10/2011,75.43,75.43,73.269997,73.43,739100,73.43
8/9/2011,76.349998,77.279999,73.839996,77.209999,1288000,77.209999
8/8/2011,76.239998,77.300003,73.110001,73.720001,1192400,73.720001
8/5/2011,78,78.400002,75.510002,77.43,1221000,77.43
8/4/2011,78.660004,79.040001,77.389999,77.410004,1154000,77.410004
8/3/2011,81.07,81.400002,79.830002,81.260002,604700,81.260002
8/2/2011,81.400002,82.57,81.040001,81.290001,709100,81.290001
8/1/2011,82.089996,82.209999,81.160004,81.769997,481400,81.769997
7/29/2011,81.169998,82.120003,81.029999,81.919998,366700,81.919998
7/28/2011,81.980003,82.43,81.300003,81.43,493100,81.43
7/27/2011,83.230003,83.389999,82.050003,82.169998,416900,82.169998
7/26/2011,84.220001,84.419998,83.800003,84.099998,344200,84.099998
7/25/2011,84,84.559998,84,84.129997,228100,84.129997
7/22/2011,85.220001,85.400002,84.720001,85.010002,204600,85.010002
7/21/2011,84.330002,85.489998,84.300003,85.470001,612800,85.470001
7/20/2011,84.339996,84.400002,83.699997,84.330002,246700,84.330002
7/19/2011,83.730003,84.709999,83.730003,84.239998,443400,84.239998
7/18/2011,83.489998,83.610001,82.949997,83.360001,834100,83.360001
7/15/2011,84.129997,84.550003,83.440002,83.849998,466700,83.849998
7/14/2011,84.720001,85.150002,83.910004,84.279999,423000,84.279999
7/13/2011,84.459999,85.239998,84.370003,84.68,477500,84.68
7/12/2011,83.580002,84.25,83.540001,83.639999,460400,83.639999
7/11/2011,83.68,83.919998,83.349998,83.699997,504100,83.699997
7/8/2011,84.330002,84.650002,83.690002,84.400002,473600,84.400002
7/7/2011,84.5,84.900002,84.199997,84.639999,421200,84.639999
7/6/2011,84.230003,84.349998,83.769997,84.269997,331000,84.269997
7/5/2011,83.489998,83.75,83.230003,83.599998,293100,83.599998
7/1/2011,82.440002,83.5,82.440002,83.449997,624600,83.449997
6/30/2011,81.730003,82.639999,81.690002,82.419998,532700,82.419998
6/29/2011,81.160004,81.660004,80.57,81.529999,431100,81.529999
6/28/2011,79.82,80.25,79.760002,80.080002,241800,80.080002
6/27/2011,79.669998,80.07,79.470001,79.739998,623200,79.739998
6/24/2011,81.489998,81.669998,81.169998,81.290001,334300,81.290001
6/23/2011,79.970001,80.910004,79.849998,80.82,568800,80.82
6/22/2011,80.519997,81.410004,80.519997,80.699997,403900,80.699997
6/21/2011,80.300003,80.889999,80.120003,80.760002,403200,80.760002
6/20/2011,79.349998,80.199997,79.260002,80.129997,460600,80.129997
6/17/2011,79.610001,79.900002,79.370003,79.510002,375000,79.510002
6/16/2011,79.239998,79.75,79.029999,79.470001,580200,79.470001
6/15/2011,79.910004,80.330002,79.279999,79.480003,550600,79.480003
6/14/2011,80.080002,80.660004,80.040001,80.440002,464200,80.440002
6/13/2011,80.209999,80.260002,79.400002,79.720001,836200,79.720001
6/10/2011,81.309998,81.32,80.620003,80.669998,1000000,80.669998
6/9/2011,81.580002,82.139999,81.410004,81.919998,308700,81.919998
6/8/2011,81.940002,82.43,81.57,81.75,743600,81.75
6/7/2011,81.699997,81.900002,81.419998,81.57,759600,81.57
6/6/2011,80.150002,80.349998,79.730003,79.919998,445100,79.919998
6/3/2011,80.330002,81,80.139999,80.510002,650200,80.510002
6/2/2011,81.129997,81.330002,80.599998,80.910004,409900,80.910004
6/1/2011,82.709999,82.849998,81.360001,81.5,711200,81.5
5/31/2011,83.389999,83.470001,82.839996,83.290001,652700,83.290001
5/27/2011,82.080002,82.309998,81.93,82.260002,291900,82.260002
5/26/2011,82.010002,82.379997,81.709999,82.209999,558500,82.209999
5/25/2011,80.760002,82.150002,80.610001,81.769997,686000,81.769997
5/24/2011,79.900002,80.32,79.690002,79.889999,927200,79.889999
5/23/2011,79.290001,79.849998,79.169998,79.540001,496500,79.540001
5/20/2011,80.32,80.32,79.699997,79.959999,532700,79.959999
5/19/2011,81.019997,81.169998,80.220001,80.699997,678900,80.699997
5/18/2011,81.220001,81.480003,81.010002,81.389999,392800,81.389999
5/17/2011,81.209999,81.559998,80.870003,81.370003,665600,81.370003
5/16/2011,82.889999,82.989998,82.019997,82.209999,552500,82.209999
5/13/2011,83.900002,84,83.169998,83.379997,1070000,83.379997
5/12/2011,82.849998,83.699997,82.449997,83.629997,1659800,83.629997
5/11/2011,81,81.620003,80.459999,81.459999,966000,81.459999
5/10/2011,80.629997,81.050003,80.5,81.019997,714700,81.019997
5/9/2011,79.059998,79.389999,78.620003,79.360001,484600,79.360001
5/6/2011,79.93,79.989998,78.68,79.099998,598900,79.099998
5/5/2011,79.550003,80.160004,79.239998,79.559998,687700,79.559998
5/4/2011,79.790001,80.199997,79.540001,79.760002,455500,79.760002
5/3/2011,80.330002,80.370003,79.199997,79.690002,640200,79.690002
5/2/2011,80.769997,80.769997,79.989998,80.160004,692200,80.160004
4/29/2011,79.599998,80.190002,79.580002,79.68,558000,79.68
4/28/2011,78.889999,79.660004,78.650002,79.5,503900,79.5
4/27/2011,78.089996,78.43,77.650002,78.290001,714300,78.290001
4/26/2011,78.769997,78.790001,78.199997,78.660004,776700,78.660004
4/25/2011,79.290001,79.529999,78.889999,79.510002,936300,79.510002
4/21/2011,77.919998,78.309998,77.669998,77.800003,476700,77.800003
4/20/2011,77.279999,77.43,76.919998,77.260002,525200,77.260002
4/19/2011,76.300003,76.410004,75.849998,76.120003,939400,76.120003
4/18/2011,76.980003,77.360001,76.839996,77.25,825400,77.25
4/15/2011,77.739998,78.089996,77.470001,77.639999,513600,77.639999
4/14/2011,77.769997,78.089996,77.32,77.879997,713600,77.879997
4/13/2011,78.339996,78.389999,77.599998,77.980003,723100,77.980003
4/12/2011,76.650002,77.559998,76.629997,77.199997,1038800,77.199997
4/11/2011,77.010002,77.110001,76.260002,76.5,1058500,76.5
4/8/2011,78.559998,78.639999,77.68,77.879997,1188400,77.879997
4/7/2011,77.860001,77.860001,75.949997,77.209999,1641600,77.209999
4/6/2011,77.139999,77.870003,76.919998,77.349998,1959300,77.349998
4/5/2011,77.510002,78.330002,77.220001,77.629997,2072100,77.629997
4/4/2011,80.209999,80.209999,79.410004,79.480003,961600,79.480003
4/1/2011,80.529999,81,79.800003,80.510002,744300,80.510002
3/31/2011,80.730003,80.769997,80.199997,80.25,532800,80.25
3/30/2011,80.519997,81.519997,80.260002,80.959999,846200,80.959999
3/29/2011,79.57,80.07,79.419998,79.709999,1137200,79.709999
3/28/2011,80.849998,81.230003,80.5,80.550003,711000,80.550003
3/25/2011,80.989998,81.089996,80.519997,80.760002,1007000,80.760002
3/24/2011,80.279999,81.790001,80.199997,81.190002,1509300,81.190002
3/23/2011,81.860001,82.720001,80.949997,82.139999,937200,82.139999
3/22/2011,82.980003,83.230003,82.519997,83,1217500,83
3/21/2011,83.5,84.279999,82.43,83.75,1708500,83.75
3/18/2011,79.900002,81.580002,79.790001,81.559998,1465800,81.559998
3/17/2011,82.260002,82.690002,81.239998,82.059998,1528000,82.059998
3/16/2011,82.110001,82.779999,79.099998,80.410004,2980100,80.410004
3/15/2011,77.5,82.059998,77.360001,81.389999,5117600,81.389999
3/14/2011,80.580002,81.970001,80.230003,81.730003,3626600,81.730003
3/11/2011,85.300003,86.089996,84.760002,85.650002,1792900,85.650002
3/10/2011,88.07,88.489998,87.349998,87.519997,587900,87.519997
3/9/2011,89.650002,90,89.360001,89.540001,454800,89.540001
3/8/2011,89.669998,90.330002,89.110001,89.989998,426600,89.989998
3/7/2011,90.32,90.580002,88.870003,89.019997,578000,89.019997
3/4/2011,91.610001,91.849998,90.199997,90.989998,440400,90.989998
3/3/2011,91.800003,92.199997,91.5,92.190002,541400,92.190002
3/2/2011,91.910004,92.160004,91.110001,91.529999,643000,91.529999
3/1/2011,93.720001,93.900002,92.550003,92.839996,993100,92.839996
2/28/2011,93.410004,93.529999,92.870003,93.300003,763400,93.300003
2/25/2011,91.519997,91.830002,91.059998,91.75,558900,91.75
2/24/2011,89.080002,90.68,88.5,90.099998,1040300,90.099998
2/23/2011,90.480003,90.809998,89.089996,90.169998,998000,90.169998
2/22/2011,91.199997,91.900002,90.349998,90.690002,1023900,90.690002
2/18/2011,93.389999,93.489998,93.010002,93.199997,373500,93.199997
2/17/2011,93.589996,93.650002,93.220001,93.449997,796200,93.449997
2/16/2011,93.190002,93.739998,93.059998,93.68,446800,93.68
2/15/2011,93.099998,93.5,92.660004,92.970001,676500,92.970001
2/14/2011,92.610001,92.970001,92.349998,92.809998,1060600,92.809998
2/11/2011,88.910004,90.199997,88.900002,90.050003,891900,90.050003
2/10/2011,90.330002,90.980003,88.550003,88.82,2106500,88.82
2/9/2011,89.089996,89.629997,88.230003,89.629997,1299900,89.629997
2/8/2011,86.910004,89.309998,86.910004,88.57,2933200,88.57
2/7/2011,84.730003,85.239998,84.699997,85.129997,327900,85.129997
2/4/2011,84.75,84.75,84.029999,84.75,464300,84.75
2/3/2011,84.440002,84.75,83.769997,84.68,385400,84.68
2/2/2011,85.010002,85.110001,84.559998,85,950900,85
2/1/2011,82.610001,83.379997,82.339996,83.290001,578600,83.290001
1/31/2011,82.199997,82.540001,81.519997,82.18,648500,82.18
1/28/2011,82.400002,82.550003,81.150002,81.360001,828100,81.360001
1/27/2011,83.019997,83.809998,83,83.529999,476800,83.529999
1/26/2011,82.379997,82.849998,82.050003,82.290001,886900,82.290001
1/25/2011,83.419998,83.980003,83.269997,83.860001,306000,83.860001
1/24/2011,82.419998,83.669998,82.169998,83.5,390900,83.5
1/21/2011,81.82,82.330002,81.620003,82.010002,607700,82.010002
1/20/2011,83.470001,83.620003,82.519997,83.360001,774300,83.360001
1/19/2011,85.019997,85.029999,83.709999,84,574200,84
1/18/2011,85.309998,85.489998,84.870003,85.18,399800,85.18
1/14/2011,85.510002,86.099998,85.43,85.959999,537400,85.959999
1/13/2011,85.269997,85.68,85,85.389999,903800,85.389999
1/12/2011,84.169998,84.639999,83.75,84.440002,591400,84.440002
1/11/2011,83.290001,83.379997,82.870003,83.379997,388300,83.379997
1/10/2011,82.190002,82.769997,82.050003,82.769997,416200,82.769997
1/7/2011,82.620003,82.949997,82.150002,82.459999,686200,82.459999
1/6/2011,81.07,81.889999,80.879997,81.540001,1073100,81.540001
1/5/2011,79.610001,80.379997,78.699997,80.199997,521100,80.199997
1/4/2011,79.330002,79.860001,79.110001,79.860001,431400,79.860001
1/3/2011,79.019997,79.75,79.019997,79.43,397100,79.43
12/31/2010,78.239998,78.860001,78.139999,78.629997,258800,78.629997
12/30/2010,78.910004,79.089996,78.059998,78.349998,251800,78.349998
12/29/2010,78.940002,79.120003,78.75,79.099998,293400,79.099998
12/28/2010,78.550003,78.550003,78.07,78.25,245800,78.25
12/27/2010,77.410004,78,77.410004,77.900002,229500,77.900002
12/23/2010,78,78.050003,77.449997,77.660004,199300,77.660004
12/22/2010,77.550003,77.889999,77.550003,77.690002,194600,77.690002
12/21/2010,77.5,78.129997,77.290001,78.010002,379700,78.010002
12/20/2010,77.419998,77.639999,77.120003,77.230003,302900,77.230003
12/17/2010,77.440002,77.75,77.25,77.480003,284900,77.480003
12/16/2010,78,78.43,77.669998,78.300003,191300,78.300003
12/15/2010,78.089996,78.669998,77.949997,78.139999,326400,78.139999
12/14/2010,78.099998,78.480003,77.860001,78.040001,331800,78.040001
12/13/2010,77.839996,78.230003,77.510002,77.980003,407400,77.980003
12/10/2010,77.160004,77.489998,76.839996,77.260002,393600,77.260002
12/9/2010,78.370003,78.370003,77.610001,77.970001,353700,77.970001
12/8/2010,78.470001,78.790001,77.769997,78.360001,363700,78.360001
12/7/2010,79.309998,79.440002,78.550003,78.669998,519800,78.669998
12/6/2010,79,79.300003,78.809998,79.139999,286200,79.139999
12/3/2010,78.5,79.25,78.419998,79.050003,654900,79.050003
12/2/2010,78.360001,79.470001,78.339996,79.019997,584700,79.019997
12/1/2010,79.059998,79.809998,79.019997,79.580002,1169100,79.580002
11/30/2010,76.949997,77.989998,76.559998,77.690002,552400,77.690002
11/29/2010,77.760002,78.379997,77.029999,78.25,540100,78.25
11/26/2010,78.089996,78.459999,78.059998,78.360001,313700,78.360001
11/24/2010,78.470001,78.970001,78.25,78.93,654000,78.93
11/23/2010,77.410004,78.360001,77.080002,77.43,627100,77.43
11/22/2010,78.360001,78.669998,77.790001,78.470001,647000,78.470001
11/19/2010,78.040001,78.470001,77.459999,78.470001,957700,78.470001
11/18/2010,77.360001,77.510002,76.830002,77.290001,989100,77.290001
11/17/2010,75.839996,76.18,75.580002,75.849998,665900,75.849998
11/16/2010,75.629997,75.660004,74.75,74.93,835000,74.93
11/15/2010,76.269997,76.370003,75.660004,75.660004,619600,75.660004
11/12/2010,75.540001,76.400002,75.279999,75.510002,1116400,75.510002
11/11/2010,75.260002,75.349998,74.849998,75.25,683200,75.25
11/10/2010,74.230003,75.309998,74,75,1307400,75
11/9/2010,74.010002,74.360001,72.769997,73.099998,880900,73.099998
11/8/2010,73.599998,73.82,73.110001,73.739998,900900,73.739998
11/5/2010,73.830002,73.919998,72.349998,72.639999,1018000,72.639999
11/4/2010,71.949997,72.82,71.620003,72.730003,1879800,72.730003
11/3/2010,70.230003,70.709999,69.75,70.709999,438400,70.709999
11/2/2010,70.349998,70.75,70.199997,70.230003,534900,70.230003
11/1/2010,70.099998,70.099998,69.330002,69.629997,695700,69.629997
10/29/2010,70.910004,71.029999,70.629997,70.82,237100,70.82
10/28/2010,70.959999,71.190002,70.519997,71.129997,534300,71.129997
10/27/2010,71.040001,71.379997,70.290001,70.910004,1345900,70.910004
10/26/2010,70.949997,71.129997,70.580002,70.870003,362900,70.870003
10/25/2010,71.699997,71.980003,71.099998,71.360001,450900,71.360001
10/22/2010,71.669998,72.129997,71.459999,71.699997,418200,71.699997
10/21/2010,71.459999,71.970001,71.230003,71.620003,440200,71.620003
10/20/2010,71.089996,71.779999,71.089996,71.690002,612300,71.690002
10/19/2010,71.599998,72,71.029999,71.349998,533400,71.349998
10/18/2010,72.010002,72.660004,72,72.580002,352200,72.580002
10/15/2010,71.599998,72.019997,71.059998,71.510002,995200,71.510002
10/14/2010,71.650002,72.419998,71.279999,72.370003,1073500,72.370003
10/13/2010,70.050003,70.730003,69.93,70.300003,483100,70.300003
10/12/2010,69.980003,70.290001,69.650002,70.050003,478900,70.050003
10/11/2010,71.010002,71.209999,70.760002,70.870003,194300,70.870003
10/8/2010,70.650002,71.150002,70.510002,71.07,345600,71.07
10/7/2010,71.779999,71.779999,70.940002,71.150002,278500,71.150002
10/6/2010,71.32,71.480003,71.110001,71.190002,473400,71.190002
10/5/2010,71.349998,72.059998,71.290001,72.029999,401900,72.029999
10/4/2010,70.730003,71.260002,70.519997,70.790001,369300,70.790001
10/1/2010,71.75,71.989998,71.529999,71.800003,535400,71.800003
9/30/2010,72.330002,72.82,71.449997,71.580002,719700,71.580002
9/29/2010,73,73.360001,72.709999,73,492100,73
9/28/2010,72.790001,73.239998,72.279999,73.150002,352800,73.150002
9/27/2010,73.190002,73.199997,72.300003,72.400002,424500,72.400002
9/24/2010,72.540001,73.059998,72.360001,73.059998,655600,73.059998
9/23/2010,70.910004,71.389999,70.699997,70.970001,342000,70.970001
9/22/2010,71.93,71.93,71.050003,71.550003,499500,71.550003
9/21/2010,72.309998,72.309998,71.360001,71.629997,833400,71.629997
9/20/2010,71.900002,72.309998,71.379997,72.18,961900,72.18
9/17/2010,71.900002,71.959999,71.339996,71.510002,254500,71.510002
9/16/2010,71.57,71.830002,71.160004,71.730003,396800,71.730003
9/15/2010,70.599998,71.220001,70.419998,71.220001,669700,71.220001
9/14/2010,69.419998,70.129997,69.169998,69.800003,996700,69.800003
9/13/2010,70.5,70.5,69.970001,70.290001,972200,70.290001
9/10/2010,70.639999,70.800003,70.43,70.599998,856700,70.599998
9/9/2010,70.550003,70.779999,70.279999,70.699997,1654600,70.699997
9/8/2010,69.029999,69.239998,68.849998,69.120003,673300,69.120003
9/7/2010,69.629997,69.809998,69.169998,69.239998,343100,69.239998
9/3/2010,69.410004,69.940002,69.120003,69.709999,609700,69.709999
9/2/2010,67.830002,68.220001,67.559998,68.220001,605200,68.220001
9/1/2010,68.25,68.889999,68,68.830002,634700,68.830002
8/31/2010,68.080002,68.449997,67.660004,67.839996,525600,67.839996
8/30/2010,68.739998,68.809998,68.25,68.25,443100,68.25
8/27/2010,69.209999,69.459999,68.510002,69.360001,418400,69.360001
8/26/2010,69.050003,69.400002,68.449997,68.720001,551000,68.720001
8/25/2010,68.889999,69.160004,68.349998,69.059998,719400,69.059998
8/24/2010,69.739998,69.989998,69.199997,69.760002,592100,69.760002
8/23/2010,70.529999,70.690002,69.900002,69.959999,336100,69.959999
8/20/2010,70.339996,70.699997,69.989998,70.43,374700,70.43
8/19/2010,71.370003,71.93,70.730003,71.260002,728000,71.260002
8/18/2010,70.769997,70.93,70.57,70.629997,431900,70.629997
8/17/2010,70.860001,70.93,70.5,70.650002,409900,70.650002
8/16/2010,69.989998,70.519997,69.849998,70.480003,484300,70.480003
8/13/2010,70.18,70.32,69.599998,69.870003,397300,69.870003
8/12/2010,70,70.419998,69.830002,70.150002,655400,70.150002
8/11/2010,71,71,69.760002,69.82,850800,69.82
8/10/2010,71.68,72.25,71.160004,71.870003,726700,71.870003
8/9/2010,72.050003,72.220001,71.599998,72.07,784000,72.07
8/6/2010,72.639999,72.639999,71.800003,72.519997,896400,72.519997
8/5/2010,72.300003,72.419998,71.919998,72.239998,1235200,72.239998
8/4/2010,73.75,74.669998,73.269997,74.25,1936300,74.25
8/3/2010,72.709999,72.93,72.050003,72.769997,1090900,72.769997
8/2/2010,71.459999,72.050003,71.349998,72.040001,1470900,72.040001
7/30/2010,70,70.360001,69.889999,70.230003,897400,70.230003
7/29/2010,70.440002,70.650002,69.809998,69.970001,826200,69.970001
7/28/2010,69.970001,70.099998,68.699997,69.779999,863800,69.779999
7/27/2010,70.459999,70.459999,69.769997,69.900002,798100,69.900002
7/26/2010,70.910004,71.889999,70.559998,70.900002,664900,70.900002
7/23/2010,71.010002,71.720001,70.650002,71.309998,1010800,71.309998
7/22/2010,70.459999,70.989998,70.25,70.739998,486300,70.739998
7/21/2010,69.800003,70,68.910004,69.169998,884300,69.169998
7/20/2010,70.099998,70.209999,69.470001,70.190002,987600,70.190002
7/19/2010,70.879997,71.5,70.599998,71.220001,465700,71.220001
7/16/2010,71.889999,72,70,70.75,491200,70.75
7/15/2010,72.5,72.5,71.769997,72.400002,683700,72.400002
7/14/2010,73.040001,73.339996,72.349998,73.339996,858900,73.339996
7/13/2010,71.129997,72.139999,71.07,71.720001,964400,71.720001
7/12/2010,70.800003,71.480003,70.650002,71.07,398700,71.07
7/9/2010,70.449997,71.120003,70.32,71.07,309000,71.07
7/8/2010,70.959999,71.209999,70.370003,71.209999,371600,71.209999
7/7/2010,70.110001,71.129997,70.029999,71,631000,71
7/6/2010,70.199997,70.830002,69.419998,70.029999,827100,70.029999
7/2/2010,68.970001,69.230003,68.019997,68.260002,710300,68.260002
7/1/2010,68.440002,69.110001,68.199997,68.699997,807100,68.699997
6/30/2010,69.010002,69.849998,68.339996,68.57,1090300,68.57
6/29/2010,69.019997,69.18,68.050003,68.480003,1016800,68.480003
6/28/2010,69.550003,69.800003,69.339996,69.449997,508300,69.449997
6/25/2010,70.18,70.279999,69.68,70,446600,70
6/24/2010,70.830002,70.910004,70.169998,70.43,409100,70.43
6/23/2010,71.360001,71.489998,70.519997,70.849998,493500,70.849998
6/22/2010,71.900002,72.400002,71.120003,71.269997,367300,71.269997
6/21/2010,72.25,72.57,71.68,71.860001,568300,71.860001
6/18/2010,71.639999,72.019997,71.419998,71.449997,1035200,71.449997
6/17/2010,73.010002,73.010002,72,72.309998,525100,72.309998
6/16/2010,72.949997,73,72.410004,72.779999,307000,72.779999
6/15/2010,72.190002,73.110001,72,73.040001,621500,73.040001
6/14/2010,71.32,71.739998,70.919998,71.019997,522800,71.019997
6/11/2010,70.629997,71.019997,70.190002,70.809998,376500,70.809998
6/10/2010,70.32,71.190002,70.32,71.07,788900,71.07
6/9/2010,69.82,70.639999,69.25,69.480003,886200,69.480003
